track_id,track_name,artists,album_name,popularity,duration_ms,explicit,danceability,energy,key,loudness,mode,speechiness,acousticness,instrumentalness,liveness,valence,tempo,time_signature,track_genre
3045282991,POP (feat. La Mano 1.9),Gazo,POP (feat. La Mano 1.9),748.74,218000,True,0.65,0.7,5,-6.0,1,0.05,0.15,0.01,0.12,0.6,120.0,4,pop
3881984711,Pop,Harry Styles,"Kiss All The Time. Disco, Occasionally.",809.185,216000,False,0.65,0.7,5,-6.0,1,0.05,0.15,0.01,0.12,0.6,120.0,4,pop
1684004277,POP (feat. Guy2Bezbar),Josman,M.A.N (Black Roses & Lost Feelings),671.574,213000,True,0.65,0.7,5,-6.0,1,0.05,0.15,0.01,0.12,0.6,120.0,4,pop
15586286,Rock with You (Single Version),Michael Jackson,Off the Wall,925.79,220000,False,0.5,0.85,7,-5.0,1,0.06,0.05,0.05,0.18,0.45,130.0,4,rock
491446942,rockstar,Post Malone,beerbongs & bentleys,845.803,219000,True,0.5,0.85,7,-5.0,1,0.06,0.05,0.05,0.18,0.45,130.0,4,rock
1144863,"Rocket Man (I Think It's Going To Be A Long, Long Time)",Elton John,Honky Chateau,825.071,283000,False,0.5,0.85,7,-5.0,1,0.06,0.05,0.05,0.18,0.45,130.0,4,rock
109844090,Rock & Roll (Full Length Version; 2015 Remaster),The Velvet Underground,Loaded (2015 Remaster),524.609,283000,False,0.5,0.85,7,-5.0,1,0.06,0.05,0.05,0.18,0.45,130.0,4,rock
2634178712,Rock This Party (Everybody Dance Now),Bob Sinclar,Rock This Party (Everybody Dance Now),893.489,245000,False,0.5,0.85,7,-5.0,1,0.06,0.05,0.05,0.18,0.45,130.0,4,rock
3642252902,Rock (feat. Baby Gang),Lacrim,Rock (feat. Baby Gang),568.564,180000,False,0.5,0.85,7,-5.0,1,0.06,0.05,0.05,0.18,0.45,130.0,4,rock
4619463,Rock That Body,The Black Eyed Peas,THE E.N.D. (THE ENERGY NEVER DIES) (Deluxe Version),901.838,268000,False,0.5,0.85,7,-5.0,1,0.06,0.05,0.05,0.18,0.45,130.0,4,rock
970410,Rock Your Body,Justin Timberlake,Justified,840.212,268000,False,0.5,0.85,7,-5.0,1,0.06,0.05,0.05,0.18,0.45,130.0,4,rock
3911181,Rock & Roll Queen,The Subways,Rock & Roll Queen (US DMD single),606.595,169000,False,0.5,0.85,7,-5.0,1,0.06,0.05,0.05,0.18,0.45,130.0,4,rock
69928673,"Rock and Roll, Pt. 2",Gary Glitter,Hey Song (The Best Of),451.658,180000,False,0.5,0.85,7,-5.0,1,0.06,0.05,0.05,0.18,0.45,130.0,4,rock
3035095241,Rock,Stepz,Rock,592.539,145000,False,0.5,0.85,7,-5.0,1,0.06,0.05,0.05,0.18,0.45,130.0,4,rock
3310800911,Rock & Roll,Oliver Malcolm,Rock & Roll,524.44,139000,False,0.5,0.85,7,-5.0,1,0.06,0.05,0.05,0.18,0.45,130.0,4,rock
1356535832,Rock,Olamide,Rock,320.516,185000,True,0.5,0.85,7,-5.0,1,0.06,0.05,0.05,0.18,0.45,130.0,4,rock
787938,Rock & Roll,Eric Hutchinson,Sounds Like This,417.931,240000,False,0.5,0.85,7,-5.0,1,0.06,0.05,0.05,0.18,0.45,130.0,4,rock
84340031,Rock & Roll Band,Boston,Boston,397.731,180000,False,0.5,0.85,7,-5.0,1,0.06,0.05,0.05,0.18,0.45,130.0,4,rock
3638238182,ROCK,Moura Dj,Unknown,370.742,119000,True,0.5,0.85,7,-5.0,1,0.06,0.05,0.05,0.18,0.45,130.0,4,rock
414328792,Rock,Pleymo,Rock,341.534,200000,False,0.5,0.85,7,-5.0,1,0.06,0.05,0.05,0.18,0.45,130.0,4,rock
3572812151,ROCK & ROLL,ITZY,Collector,332.981,185000,False,0.5,0.85,7,-5.0,1,0.06,0.05,0.05,0.18,0.45,130.0,4,rock
3517634731,THE ROCK,Forrest Frank,THE ROCK,360.46,168000,False,0.5,0.85,7,-5.0,1,0.06,0.05,0.05,0.18,0.45,130.0,4,rock
2167434147,_________ Rock ___ (2/3),C'typeencostume,_________ Rock ___ (2/3),329.727,284000,True,0.5,0.85,7,-5.0,1,0.06,0.05,0.05,0.18,0.45,130.0,4,rock
3075621451,rock (slowed + reverb),BadKarma,rock (slowed + reverb),313.616,165000,False,0.5,0.85,7,-5.0,1,0.06,0.05,0.05,0.18,0.45,130.0,4,rock
471975322,Rock,Plies,Rock,305.818,174000,True,0.5,0.85,7,-5.0,1,0.06,0.05,0.05,0.18,0.45,130.0,4,rock
1642054452,ROCK,Stray Kids,SKZ2021,326.738,193000,False,0.5,0.85,7,-5.0,1,0.06,0.05,0.05,0.18,0.45,130.0,4,rock
2044097917,"The Rock (From ""The Rock"")",The City of Prague Philharmonic Orchestra,The Best of Hans Zimmer,318.467,306000,False,0.5,0.85,7,-5.0,1,0.06,0.05,0.05,0.18,0.45,130.0,4,rock
2221221937,Rock My Body,R3HAB,Rock My Body,813.883,137000,False,0.5,0.85,7,-5.0,1,0.06,0.05,0.05,0.18,0.45,130.0,4,rock
3081706951,I Love Rock 'N Roll,Joan Jett and the Blackhearts,Rock Clássico,872.462,175000,False,0.5,0.85,7,-5.0,1,0.06,0.05,0.05,0.18,0.45,130.0,4,rock
69962765,Rock the Casbah (Remastered),The Clash,Combat Rock (Remastered),780.498,223000,False,0.5,0.85,7,-5.0,1,0.06,0.05,0.05,0.18,0.45,130.0,4,rock
447557282,Rock Of Ages,Def Leppard,Pyromania,545.85,247000,False,0.5,0.85,7,-5.0,1,0.06,0.05,0.05,0.18,0.45,130.0,4,rock
92208750,Rock or Bust,AC/DC,Rock or Bust,606.508,184000,False,0.5,0.85,7,-5.0,1,0.06,0.05,0.05,0.18,0.45,130.0,4,rock
2698330732,Rock the Boat,Bob Sinclar,Disco Crash,594.918,234000,False,0.5,0.85,7,-5.0,1,0.06,0.05,0.05,0.18,0.45,130.0,4,rock
2133650,Rock Steady,Aretha Franklin,Soul Queen,557.598,193000,False,0.5,0.85,7,-5.0,1,0.06,0.05,0.05,0.18,0.45,130.0,4,rock
88003855,Rock and Roll (Remaster),Led Zeppelin,Led Zeppelin IV (Deluxe Edition),651.651,220000,False,0.5,0.85,7,-5.0,1,0.06,0.05,0.05,0.18,0.45,130.0,4,rock
118189968,Rock Is Dead,Marilyn Manson,Mechanical Animals,572.662,189000,True,0.5,0.85,7,-5.0,1,0.06,0.05,0.05,0.18,0.45,130.0,4,rock
2675537,Rock And Roll All Nite,Kiss,Ikons,724.342,167000,False,0.5,0.85,7,-5.0,1,0.06,0.05,0.05,0.18,0.45,130.0,4,rock
69070707,Rock This Town,Stray Cats,Rock This Town - The Collection,511.752,158000,False,0.5,0.85,7,-5.0,1,0.06,0.05,0.05,0.18,0.45,130.0,4,rock
3785497562,ROCK THE BOAT,XG,THE CORE - 核,520.277,171000,False,0.5,0.85,7,-5.0,1,0.06,0.05,0.05,0.18,0.45,130.0,4,rock
13275874,Rock Star,Hannah Montana,Best Of Hannah Montana,560.348,178000,False,0.5,0.85,7,-5.0,1,0.06,0.05,0.05,0.18,0.45,130.0,4,rock
1758543017,Hummell Gets The Rockets,Nick Glennie-Smith,The Rock,328.084,385000,False,0.5,0.85,7,-5.0,1,0.06,0.05,0.05,0.18,0.45,130.0,4,rock
14299460,Rock You Like a Hurricane (2011),Scorpions,Comeblack,768.832,254000,False,0.5,0.85,7,-5.0,1,0.06,0.05,0.05,0.18,0.45,130.0,4,rock
2533705321,LALALALA (Rock Ver.),Stray Kids,ROCK-STAR,431.334,187000,False,0.5,0.85,7,-5.0,1,0.06,0.05,0.05,0.18,0.45,130.0,4,rock
124563036,Rock Your Baby,George McCrae,Rock Your Baby,588.141,384000,False,0.5,0.85,7,-5.0,1,0.06,0.05,0.05,0.18,0.45,130.0,4,rock
2533705261,LALALALA,Stray Kids,ROCK-STAR,795.628,182000,False,0.5,0.85,7,-5.0,1,0.06,0.05,0.05,0.18,0.45,130.0,4,rock
3807039752,Rock You Like a Hurricane (Remastered 2015),Scorpions,Love At First Sting,729.672,253000,False,0.5,0.85,7,-5.0,1,0.06,0.05,0.05,0.18,0.45,130.0,4,rock
2215328047,Rock N Roll,Ken Carson,Project X,523.385,148000,True,0.5,0.85,7,-5.0,1,0.06,0.05,0.05,0.18,0.45,130.0,4,rock
2533705251,MEGAVERSE,Stray Kids,ROCK-STAR,761.672,185000,False,0.5,0.85,7,-5.0,1,0.06,0.05,0.05,0.18,0.45,130.0,4,rock
2576021922,Rock 2000,Gwendoline,C'est à moi ça,345.502,223000,False,0.5,0.85,7,-5.0,1,0.06,0.05,0.05,0.18,0.45,130.0,4,rock
1697351987,Rock My Shit,The Black Eyed Peas,Elephunk,368.633,230000,True,0.5,0.85,7,-5.0,1,0.06,0.05,0.05,0.18,0.45,130.0,4,rock
542016,Rock Me Amadeus,Falco,The Definitive 80's (eighties),581.33,203000,False,0.5,0.85,7,-5.0,1,0.06,0.05,0.05,0.18,0.45,130.0,4,rock
3790335362,Rock Bottom,King Krule,Rock Bottom / Octopus,474.679,250000,False,0.5,0.85,7,-5.0,1,0.06,0.05,0.05,0.18,0.45,130.0,4,rock
4087608,All Summer Long,Kid Rock,Rock n Roll Jesus,638.934,297000,False,0.5,0.85,7,-5.0,1,0.06,0.05,0.05,0.18,0.45,130.0,4,rock
92722982,Rock 'N' Roll Damnation,AC/DC,Powerage,511.142,215000,False,0.5,0.85,7,-5.0,1,0.06,0.05,0.05,0.18,0.45,130.0,4,rock
1749949,Rock Around The Clock,Bill Haley & His Comets,Rockabilly Original Masters,652.9,134000,False,0.5,0.85,7,-5.0,1,0.06,0.05,0.05,0.18,0.45,130.0,4,rock
921945602,Rock Wit'cha,Bobby Brown,Don't Be Cruel (Expanded Edition),480.382,287000,False,0.5,0.85,7,-5.0,1,0.06,0.05,0.05,0.18,0.45,130.0,4,rock
2211156337,Rock Soul,Winston Mcanuff,Paris Rockin',428.944,264000,False,0.5,0.85,7,-5.0,1,0.06,0.05,0.05,0.18,0.45,130.0,4,rock
92720154,Rock N Roll Train,AC/DC,Black Ice,728.253,261000,False,0.5,0.85,7,-5.0,1,0.06,0.05,0.05,0.18,0.45,130.0,4,rock
2461757,Quelque chose de Tennessee,Johnny Hallyday,Rock N' Roll Attitude,812.374,253000,False,0.5,0.85,7,-5.0,1,0.06,0.05,0.05,0.18,0.45,130.0,4,rock
7578728,The Big Bang,Rock Mafia,The Big Bang,548.383,160000,False,0.5,0.85,7,-5.0,1,0.06,0.05,0.05,0.18,0.45,130.0,4,rock
2231089,Rock Wit U (Awww Baby),Ashanti,Chapter II,570.846,209000,False,0.5,0.85,7,-5.0,1,0.06,0.05,0.05,0.18,0.45,130.0,4,rock
107471940,Rock 'n' Roll Suicide (2012 Remaster),David Bowie,The Rise and Fall of Ziggy Stardust and the Spiders from Mars (2012 Remaster),626.521,178000,False,0.5,0.85,7,-5.0,1,0.06,0.05,0.05,0.18,0.45,130.0,4,rock
3129779,Rock'n Roll,Daft Punk,Homework,538.328,453000,False,0.5,0.85,7,-5.0,1,0.06,0.05,0.05,0.18,0.45,130.0,4,rock
3458526781,Rock Stone,Stephen Marley,Revelation Pt. II: The Fruit of Life,558.759,277000,False,0.5,0.85,7,-5.0,1,0.06,0.05,0.05,0.18,0.45,130.0,4,rock
105098416,Rock Music,Pixies,Bossanova,407.079,112000,False,0.5,0.85,7,-5.0,1,0.06,0.05,0.05,0.18,0.45,130.0,4,rock
1767917347,Rock and A Hard Place,Bailey Zimmerman,Rock and A Hard Place,577.04,207000,False,0.5,0.85,7,-5.0,1,0.06,0.05,0.05,0.18,0.45,130.0,4,rock
860325032,I Am Rock,Rock,"EA Sports Soundtrax, Vol. 1 (Original Soundtrack)",241.036,230000,False,0.5,0.85,7,-5.0,1,0.06,0.05,0.05,0.18,0.45,130.0,4,rock
535034282,18 and Life,Skid Row,Rock,471.649,231000,False,0.5,0.85,7,-5.0,1,0.06,0.05,0.05,0.18,0.45,130.0,4,rock
92208754,Rock the Blues Away,AC/DC,Rock or Bust,464.036,204000,False,0.5,0.85,7,-5.0,1,0.06,0.05,0.05,0.18,0.45,130.0,4,rock
414328812,Divine excuse,Pleymo,Rock,392.516,210000,False,0.5,0.85,7,-5.0,1,0.06,0.05,0.05,0.18,0.45,130.0,4,rock
1884443437,Rock,SEVENTEEN,SEVENTEEN 2nd Mini Album ‘BOYS BE’,219.823,191000,False,0.5,0.85,7,-5.0,1,0.06,0.05,0.05,0.18,0.45,130.0,4,rock
2304593045,rock hudson,Kelly Clarkson,chemistry,373.726,202000,False,0.5,0.85,7,-5.0,1,0.06,0.05,0.05,0.18,0.45,130.0,4,rock
3445967901,Rock,RAISAIN,Rock,292.146,148000,False,0.5,0.85,7,-5.0,1,0.06,0.05,0.05,0.18,0.45,130.0,4,rock
414328902,Kongen,Pleymo,Rock,324.655,229000,True,0.5,0.85,7,-5.0,1,0.06,0.05,0.05,0.18,0.45,130.0,4,rock
414328832,Modaddiction,Pleymo,Rock,320.929,251000,False,0.5,0.85,7,-5.0,1,0.06,0.05,0.05,0.18,0.45,130.0,4,rock
2695013792,ROCK 'N' ROLL,Iced Coffeeboy,ROCK 'N' ROLL,433.268,203000,True,0.5,0.85,7,-5.0,1,0.06,0.05,0.05,0.18,0.45,130.0,4,rock
414328862,Polyester môme,Pleymo,Rock,320.161,222000,False,0.5,0.85,7,-5.0,1,0.06,0.05,0.05,0.18,0.45,130.0,4,rock
414328802,1977,Pleymo,Rock,287.073,254000,True,0.5,0.85,7,-5.0,1,0.06,0.05,0.05,0.18,0.45,130.0,4,rock
14291628,The Rock,The Who,Quadrophenia,254.669,397000,False,0.5,0.85,7,-5.0,1,0.06,0.05,0.05,0.18,0.45,130.0,4,rock
71437423,Rock,Jessica,Dance with Me,277.334,223000,False,0.5,0.85,7,-5.0,1,0.06,0.05,0.05,0.18,0.45,130.0,4,rock
1787639987,Rock Bottom (2007 Remaster),UFO,Phenomenon (2007 Remaster),477.905,389000,False,0.5,0.85,7,-5.0,1,0.06,0.05,0.05,0.18,0.45,130.0,4,rock
1811539567,ROCK,Rock Father,ROCK,222.908,43000,False,0.5,0.85,7,-5.0,1,0.06,0.05,0.05,0.18,0.45,130.0,4,rock
3592413832,THE ROCK (LOFI),Forrest Frank,JESUS LOFI VOLUME ONE,203.859,172000,False,0.5,0.85,7,-5.0,1,0.06,0.05,0.05,0.18,0.45,130.0,4,rock
2075673407,The Rock,East Coast,The Rock,198.21,426000,False,0.5,0.85,7,-5.0,1,0.06,0.05,0.05,0.18,0.45,130.0,4,rock
2144023657,ROCK (feat. Le Juiice),Lithium,LITHIUM,239.937,183000,True,0.5,0.85,7,-5.0,1,0.06,0.05,0.05,0.18,0.45,130.0,4,rock
3380594341,Rock The Boat,Aaliyah,I Care 4 U,541.614,275000,False,0.5,0.85,7,-5.0,1,0.06,0.05,0.05,0.18,0.45,130.0,4,rock
3102419,Rock DJ,Robbie Williams,Sing When You're Winning,632.715,256000,False,0.5,0.85,7,-5.0,1,0.06,0.05,0.05,0.18,0.45,130.0,4,rock
662352402,Rock It,Ofenbach,Ofenbach,667.258,146000,False,0.5,0.85,7,-5.0,1,0.06,0.05,0.05,0.18,0.45,130.0,4,rock
3124623681,Rock (Slowed),Forsaken,Rock,172.279,180000,True,0.5,0.85,7,-5.0,1,0.06,0.05,0.05,0.18,0.45,130.0,4,rock
3442188291,The Rock,Chali 2na,The Rock,203.843,179000,False,0.5,0.85,7,-5.0,1,0.06,0.05,0.05,0.18,0.45,130.0,4,rock
61644201,Rock Me,One Direction,Take Me Home,579.573,200000,False,0.5,0.85,7,-5.0,1,0.06,0.05,0.05,0.18,0.45,130.0,4,rock
1123870,Rock Fort Rock,The Skatalites,Ball Of Fire,463.851,421000,False,0.5,0.85,7,-5.0,1,0.06,0.05,0.05,0.18,0.45,130.0,4,rock
131726792,Rock Steady,The Whispers,Rock Steady,514.052,289000,False,0.5,0.85,7,-5.0,1,0.06,0.05,0.05,0.18,0.45,130.0,4,rock
457167062,Ooh! My Soul,Rock & Roll Masters,Rock Around the Clock,158.667,78000,False,0.5,0.85,7,-5.0,1,0.06,0.05,0.05,0.18,0.45,130.0,4,rock
1698227027,Só Rock 2,Rock Danger,"Rock Danger, Vol. 1",667.33,239000,False,0.5,0.85,7,-5.0,1,0.06,0.05,0.05,0.18,0.45,130.0,4,rock
3488592521,Rock That Body,Lumarii,Rock That Body,558.536,230000,False,0.5,0.85,7,-5.0,1,0.06,0.05,0.05,0.18,0.45,130.0,4,rock
3782896912,Rock My Heart,Haddaway,Rock My Heart,576.496,250000,False,0.5,0.85,7,-5.0,1,0.06,0.05,0.05,0.18,0.45,130.0,4,rock
106115758,Rock the Boat,The Hues Corporation,Rockin' Soul,536.617,185000,False,0.5,0.85,7,-5.0,1,0.06,0.05,0.05,0.18,0.45,130.0,4,rock
1612981732,Rock Believer,Scorpions,Rock Believer,453.784,237000,False,0.5,0.85,7,-5.0,1,0.06,0.05,0.05,0.18,0.45,130.0,4,rock
105989848,Rock Bottom,Eminem,The Slim Shady LP,534.082,214000,True,0.5,0.85,7,-5.0,1,0.06,0.05,0.05,0.18,0.45,130.0,4,rock
555925672,Rock With You,Ateyaba,Rock With You,528.039,200000,True,0.5,0.85,7,-5.0,1,0.06,0.05,0.05,0.18,0.45,130.0,4,rock
3950574141,Rock That Body - Slowed,Mr Demon,Rock That Body,583.064,177000,False,0.5,0.85,7,-5.0,1,0.06,0.05,0.05,0.18,0.45,130.0,4,rock
2865115812,Rock Da House,Gabry Ponte,Rock Da House,516.443,147000,False,0.5,0.85,7,-5.0,1,0.06,0.05,0.05,0.18,0.45,130.0,4,rock
1256029,Rock Your Baby,George McCrae,Rock Your Baby - The Very Best Of,566.557,199000,False,0.5,0.85,7,-5.0,1,0.06,0.05,0.05,0.18,0.45,130.0,4,rock
3801684352,Rock 'n' Roll,Motörhead,Rock 'n' Roll,475.011,229000,False,0.5,0.85,7,-5.0,1,0.06,0.05,0.05,0.18,0.45,130.0,4,rock
3090231261,rock u,Blaze,rock u,494.502,152000,False,0.5,0.85,7,-5.0,1,0.06,0.05,0.05,0.18,0.45,130.0,4,rock
2852760222,Rock and Stone,Wind Rose,Rock and Stone,487.474,305000,False,0.5,0.85,7,-5.0,1,0.06,0.05,0.05,0.18,0.45,130.0,4,rock
119875512,Rock Bottom,Hailee Steinfeld,HAIZ,519.107,197000,False,0.5,0.85,7,-5.0,1,0.06,0.05,0.05,0.18,0.45,130.0,4,rock
496526182,Rock,Next Town Down,Rock,120.243,195000,False,0.5,0.85,7,-5.0,1,0.06,0.05,0.05,0.18,0.45,130.0,4,rock
1718519517,Rock Mi Nice,L'Entourloop,La clarté dans la confusion,584.124,197000,False,0.5,0.85,7,-5.0,1,0.06,0.05,0.05,0.18,0.45,130.0,4,rock
1248026242,Rock,Marl-E,Rock,181.333,188000,True,0.5,0.85,7,-5.0,1,0.06,0.05,0.05,0.18,0.45,130.0,4,rock
3034858221,Rock n Roll,Leony,Rock n Roll,458.139,158000,True,0.5,0.85,7,-5.0,1,0.06,0.05,0.05,0.18,0.45,130.0,4,rock
414328822,L'insolent,Pleymo,Rock,265.77,198000,True,0.5,0.85,7,-5.0,1,0.06,0.05,0.05,0.18,0.45,130.0,4,rock
730392802,Rock Bottom,grandson,Rock Bottom,418.322,219000,True,0.5,0.85,7,-5.0,1,0.06,0.05,0.05,0.18,0.45,130.0,4,rock
446980882,Rock Brigade,Def Leppard,On Through The Night,454.044,188000,False,0.5,0.85,7,-5.0,1,0.06,0.05,0.05,0.18,0.45,130.0,4,rock
1528273532,Rock with you,SEVENTEEN,SEVENTEEN 9th Mini Album 'Attacca',517.059,180000,False,0.5,0.85,7,-5.0,1,0.06,0.05,0.05,0.18,0.45,130.0,4,rock
2458805705,Rock,Mustard Pimp,Rock Paper Scissors,140.283,327000,False,0.5,0.85,7,-5.0,1,0.06,0.05,0.05,0.18,0.45,130.0,4,rock
3944901101,ROCK BOTTOM,Bilmuri,KINDA HARD,455.635,167000,False,0.5,0.85,7,-5.0,1,0.06,0.05,0.05,0.18,0.45,130.0,4,rock
7556949,Rock Me,Pills,Electrocaine,452.154,214000,False,0.5,0.85,7,-5.0,1,0.06,0.05,0.05,0.18,0.45,130.0,4,rock
619301,Rock the Night,Europe,Rock The Night - The Very Best Of Europe,495.82,244000,False,0.5,0.85,7,-5.0,1,0.06,0.05,0.05,0.18,0.45,130.0,4,rock
11750556,Rock a Bye Baby,The Kiboomers,Rock a Bye Baby,487.968,153000,False,0.5,0.85,7,-5.0,1,0.06,0.05,0.05,0.18,0.45,130.0,4,rock
3100449,Rock the House,Gorillaz,Gorillaz,519.269,249000,True,0.5,0.85,7,-5.0,1,0.06,0.05,0.05,0.18,0.45,130.0,4,rock
2508513,Rock El Casbah,Rachid Taha,Tekitoi,493.431,268000,False,0.5,0.85,7,-5.0,1,0.06,0.05,0.05,0.18,0.45,130.0,4,rock
3955606921,MIDNIGHT RUN,Rock Me Baby,MIDNIGHT RUN,427.069,125000,False,0.5,0.85,7,-5.0,1,0.06,0.05,0.05,0.18,0.45,130.0,4,rock
70830448,Painted on My Heart,Rock Crusade,All or Nothing: Rock!,436.826,247000,False,0.5,0.85,7,-5.0,1,0.06,0.05,0.05,0.18,0.45,130.0,4,rock
414328882,Chérubin,Pleymo,Rock,270.444,183000,False,0.5,0.85,7,-5.0,1,0.06,0.05,0.05,0.18,0.45,130.0,4,rock
1496089512,60K,Major RD,60K,616.024,158000,False,0.5,0.85,7,-5.0,1,0.06,0.05,0.05,0.18,0.45,130.0,4,rock
14874839,Rock with You (Single Version),Michael Jackson,The Essential Michael Jackson,668.672,203000,False,0.5,0.85,7,-5.0,1,0.06,0.05,0.05,0.18,0.45,130.0,4,rock
3585830831,Rock nouveau,Ycare,Ycare,427.128,172000,False,0.5,0.85,7,-5.0,1,0.06,0.05,0.05,0.18,0.45,130.0,4,rock
3958668521,ROCK,Dirtyiceboyz,ONE OF A KIND (Extended Version),74.288,121000,True,0.5,0.85,7,-5.0,1,0.06,0.05,0.05,0.18,0.45,130.0,4,rock
946074672,Black Block,Neumodel,Rock,269.275,168000,False,0.5,0.85,7,-5.0,1,0.06,0.05,0.05,0.18,0.45,130.0,4,rock
637567832,Rock N Roll,Avril Lavigne,Avril Lavigne (Expanded Edition),480.349,206000,True,0.5,0.85,7,-5.0,1,0.06,0.05,0.05,0.18,0.45,130.0,4,rock
3545158201,Rock That Body,Zusebi,Rock That Body,444.066,119000,False,0.5,0.85,7,-5.0,1,0.06,0.05,0.05,0.18,0.45,130.0,4,rock
3400983381,Rock That Body,Techno Mike,Rock That Body,381.361,129000,False,0.5,0.85,7,-5.0,1,0.06,0.05,0.05,0.18,0.45,130.0,4,rock
447557222,Rock! Rock! (Till You Drop),Def Leppard,Pyromania,389.393,234000,False,0.5,0.85,7,-5.0,1,0.06,0.05,0.05,0.18,0.45,130.0,4,rock
3905822671,Rock?,ZEROH,Rock?,253.002,162000,True,0.5,0.85,7,-5.0,1,0.06,0.05,0.05,0.18,0.45,130.0,4,rock
130411296,rock + roll,EDEN,i think you think too much of me,397.353,296000,True,0.5,0.85,7,-5.0,1,0.06,0.05,0.05,0.18,0.45,130.0,4,rock
7420890,King,Booba,0.9,393.024,247000,True,0.5,0.85,7,-5.0,1,0.06,0.05,0.05,0.18,0.45,130.0,4,rock
414328892,Anemia,Pleymo,Rock,284.88,214000,False,0.5,0.85,7,-5.0,1,0.06,0.05,0.05,0.18,0.45,130.0,4,rock
3172081,Rock You,Helix,Walkin' The Razor's Edge,294.399,173000,False,0.5,0.85,7,-5.0,1,0.06,0.05,0.05,0.18,0.45,130.0,4,rock
2811626592,Rock N Roller,Kaleo,Rock N Roller,400.288,223000,False,0.5,0.85,7,-5.0,1,0.06,0.05,0.05,0.18,0.45,130.0,4,rock
3946760341,Rocker's Confession,Rock Justice,Rocker's Confession,257.826,224000,True,0.5,0.85,7,-5.0,1,0.06,0.05,0.05,0.18,0.45,130.0,4,rock
3852156331,The Rock (feat. 3DDY),Bnnyhunna,PSALM FUNK,121.513,229000,False,0.5,0.85,7,-5.0,1,0.06,0.05,0.05,0.18,0.45,130.0,4,rock
1708412627,Rock the Casbah (Ranking Roger),The Clash,Rock The Casbah (Ranking Roger),478.648,260000,False,0.5,0.85,7,-5.0,1,0.06,0.05,0.05,0.18,0.45,130.0,4,rock
66173048,Rock Show,Halestorm,The Strange Case of... (Deluxe),355.515,199000,False,0.5,0.85,7,-5.0,1,0.06,0.05,0.05,0.18,0.45,130.0,4,rock
414328872,Une vie de détail,Pleymo,Rock,271.117,225000,False,0.5,0.85,7,-5.0,1,0.06,0.05,0.05,0.18,0.45,130.0,4,rock
452794522,Rock Your Body,Burna Boy,Outside,433.474,221000,False,0.5,0.85,7,-5.0,1,0.06,0.05,0.05,0.18,0.45,130.0,4,rock
1725328407,Rock N Roll,Pusha T,It's Almost Dry,451.527,234000,True,0.5,0.85,7,-5.0,1,0.06,0.05,0.05,0.18,0.45,130.0,4,rock
15384562,Rock Estrela,Leo Jaime,Rock Estrela - Edição Comentada,375.839,285000,False,0.5,0.85,7,-5.0,1,0.06,0.05,0.05,0.18,0.45,130.0,4,rock
1359513962,Rock Lobster (Live),The B-52's,Live! Rock 'N' Rocket 1998,467.187,327000,False,0.5,0.85,7,-5.0,1,0.06,0.05,0.05,0.18,0.45,130.0,4,rock
1122827,Rock Star,Chamillionaire,Ultimate Victory,387.484,300000,False,0.5,0.85,7,-5.0,1,0.06,0.05,0.05,0.18,0.45,130.0,4,rock
2200785437,Rock The Casbah,Vintage Culture,Rock The Casbah,375.347,185000,False,0.5,0.85,7,-5.0,1,0.06,0.05,0.05,0.18,0.45,130.0,4,rock
63411579,Rock Away,Beres Hammond,Music Is Life,368.557,239000,False,0.5,0.85,7,-5.0,1,0.06,0.05,0.05,0.18,0.45,130.0,4,rock
682049702,Crocodile Rock,Taron Egerton,Rocketman (Music From The Motion Picture),379.374,172000,False,0.5,0.85,7,-5.0,1,0.06,0.05,0.05,0.18,0.45,130.0,4,rock
414328912,Laugh Calvin,Pleymo,Rock,201.351,277000,False,0.5,0.85,7,-5.0,1,0.06,0.05,0.05,0.18,0.45,130.0,4,rock
414328782,Intro : le voyage de Rock,Pleymo,Rock,167.749,89000,False,0.5,0.85,7,-5.0,1,0.06,0.05,0.05,0.18,0.45,130.0,4,rock
3943265421,Rock,Fiveam,Descent,100.0,96000,False,0.5,0.85,7,-5.0,1,0.06,0.05,0.05,0.18,0.45,130.0,4,rock
128548437,Rock the Boat,The Hues Corporation,Freedom for the Stallion (Expanded Edition),454.17,200000,False,0.5,0.85,7,-5.0,1,0.06,0.05,0.05,0.18,0.45,130.0,4,rock
414328842,Sommes-nous ?,Pleymo,Rock,247.854,204000,False,0.5,0.85,7,-5.0,1,0.06,0.05,0.05,0.18,0.45,130.0,4,rock
3946760351,You Know Better,Rock Justice,Rocker's Confession,256.394,197000,False,0.5,0.85,7,-5.0,1,0.06,0.05,0.05,0.18,0.45,130.0,4,rock
2570883622,Rock Your Body (Slowed Down),sped up + slowed,Rock Your Body (Slowed Down),478.257,287000,False,0.5,0.85,7,-5.0,1,0.06,0.05,0.05,0.18,0.45,130.0,4,rock
2467371175,Dose de Gin,Major RD,Ascensão do Cisne Negro,586.476,177000,False,0.5,0.85,7,-5.0,1,0.06,0.05,0.05,0.18,0.45,130.0,4,rock
3286666981,Rock Bottom,Kidwild,Rock Bottom,330.041,100000,True,0.5,0.85,7,-5.0,1,0.06,0.05,0.05,0.18,0.45,130.0,4,rock
2158151867,Rock Me,Great White,Once Bitten,373.081,439000,False,0.5,0.85,7,-5.0,1,0.06,0.05,0.05,0.18,0.45,130.0,4,rock
3024290381,Rock (World A Move Riddim),Eesah,Rock (World A Move Riddim),109.568,149000,False,0.5,0.85,7,-5.0,1,0.06,0.05,0.05,0.18,0.45,130.0,4,rock
92720054,Rock and Roll Ain't Noise Pollution,AC/DC,Back In Black,559.193,266000,False,0.5,0.85,7,-5.0,1,0.06,0.05,0.05,0.18,0.45,130.0,4,rock
3407730631,Rock the Boat (Radio Edit),Bob Sinclar,Rock the Boat (Remixes),466.541,190000,False,0.5,0.85,7,-5.0,1,0.06,0.05,0.05,0.18,0.45,130.0,4,rock
17484545,Rock N' Rave (Extended Mix),Francesco Zeta,Rock N' Rave - EP (Unmistakable Sampler 2),417.48,226000,False,0.5,0.85,7,-5.0,1,0.06,0.05,0.05,0.18,0.45,130.0,4,rock
3627012112,Rock That Body,Lollibus,Rock That Body,354.116,143000,False,0.5,0.85,7,-5.0,1,0.06,0.05,0.05,0.18,0.45,130.0,4,rock
3406261,Rock (2002 Remaster),Burning Spear,Farover,120.289,212000,False,0.5,0.85,7,-5.0,1,0.06,0.05,0.05,0.18,0.45,130.0,4,rock
70584819,Rock City,Kings Of Leon,Mechanical Bull (Expanded Edition),350.931,177000,False,0.5,0.85,7,-5.0,1,0.06,0.05,0.05,0.18,0.45,130.0,4,rock
2812965812,Rock Bottom,ROSIE,Rock Bottom,318.819,175000,False,0.5,0.85,7,-5.0,1,0.06,0.05,0.05,0.18,0.45,130.0,4,rock
111347670,Rock Around The Bunker,Serge Gainsbourg,Rock Around The Bunker,420.593,200000,False,0.5,0.85,7,-5.0,1,0.06,0.05,0.05,0.18,0.45,130.0,4,rock
1212778,Rock Reggae Rhapsody - Original,Cimarons,Maka,441.51,264000,False,0.5,0.85,7,-5.0,1,0.06,0.05,0.05,0.18,0.45,130.0,4,rock
3788420,the Rock (Original),Joachim Garraud,Invasion,118.442,386000,False,0.5,0.85,7,-5.0,1,0.06,0.05,0.05,0.18,0.45,130.0,4,rock
6604078,Rock Star,Hole,Live Through This,377.936,161000,True,0.5,0.85,7,-5.0,1,0.06,0.05,0.05,0.18,0.45,130.0,4,rock
68351145,Rock The Dancehall,Alborosie,Sound The System,402.646,229000,False,0.5,0.85,7,-5.0,1,0.06,0.05,0.05,0.18,0.45,130.0,4,rock
15220137,Hip-Hop,Dead Prez,Let's Get Free,560.852,216000,True,0.78,0.65,2,-7.0,0,0.22,0.1,0.01,0.1,0.55,95.0,4,hip hop
2112349,Hip Hop,Mos Def,Black On Both Sides,391.059,196000,True,0.78,0.65,2,-7.0,0,0.22,0.1,0.01,0.1,0.55,95.0,4,hip hop
3401916591,Hip-Hop,Lil Wayne,Tha Carter VI,543.041,250000,True,0.78,0.65,2,-7.0,0,0.22,0.1,0.01,0.1,0.55,95.0,4,hip hop
1661373782,Hip-Hop (Radio Version),Dead Prez,It's Bigger Than Hip-Hop,438.52,227000,False,0.78,0.65,2,-7.0,0,0.22,0.1,0.01,0.1,0.55,95.0,4,hip hop
383681181,Hip-hop,D.ACE,Hip-hop,444.686,202000,False,0.78,0.65,2,-7.0,0,0.22,0.1,0.01,0.1,0.55,95.0,4,hip hop
1622670402,Hip Hop,Trinix Remix,Hip Hop,379.983,175000,True,0.78,0.65,2,-7.0,0,0.22,0.1,0.01,0.1,0.55,95.0,4,hip hop
2485507291,Hip-Hop,PaceWon & Mr. Green,The Only Color That Matters is Green,357.178,253000,True,0.78,0.65,2,-7.0,0,0.22,0.1,0.01,0.1,0.55,95.0,4,hip hop
140037539,Hip hop,Boztown,Reloaded,317.511,167000,False,0.78,0.65,2,-7.0,0,0.22,0.1,0.01,0.1,0.55,95.0,4,hip hop
1793397507,Hip Hop (Eskei83 Remix),Neon Steve,Hip Hop (Eskei83 Remix),316.641,179000,False,0.78,0.65,2,-7.0,0,0.22,0.1,0.01,0.1,0.55,95.0,4,hip hop
3411866381,Hip Hop,Guizmo,C'est tout.,354.313,199000,False,0.78,0.65,2,-7.0,0,0.22,0.1,0.01,0.1,0.55,95.0,4,hip hop
14172316,Hip Hop (feat. Degom),JoeyStarr,Egomaniac,230.318,269000,False,0.78,0.65,2,-7.0,0,0.22,0.1,0.01,0.1,0.55,95.0,4,hip hop
3744162722,HIP HOP,northside lord,2 for 5,301.167,203000,True,0.78,0.65,2,-7.0,0,0.22,0.1,0.01,0.1,0.55,95.0,4,hip hop
2400270265,Hip-Hop,Les Frères Casquette,La vie devant nous,227.849,157000,False,0.78,0.65,2,-7.0,0,0.22,0.1,0.01,0.1,0.55,95.0,4,hip hop
1296817992,Hip hop (sou eu e és tu),Boss AC,Ritmo amor e palavras,254.203,222000,False,0.78,0.65,2,-7.0,0,0.22,0.1,0.01,0.1,0.55,95.0,4,hip hop
106483886,Hip Hop,LL COOL J,Mr. Smith (Deluxe Edition),185.081,300000,False,0.78,0.65,2,-7.0,0,0.22,0.1,0.01,0.1,0.55,95.0,4,hip hop
1851897107,Hip-Hop,"Royce Da 5'9""","The Heaven Experience, Vol. 1",243.022,227000,True,0.78,0.65,2,-7.0,0,0.22,0.1,0.01,0.1,0.55,95.0,4,hip hop
2404459985,HIP HOP,주헌 (몬스타엑스),Behind you touch OST Part 1,235.553,130000,False,0.78,0.65,2,-7.0,0,0.22,0.1,0.01,0.1,0.55,95.0,4,hip hop
3451956351,Hip hop,Demi Portion,"Sous le choc, vol. 2",248.903,224000,False,0.78,0.65,2,-7.0,0,0.22,0.1,0.01,0.1,0.55,95.0,4,hip hop
2506332861,Hip Hop,Joell Ortiz,The Brick: Bodega Chronicles,211.492,200000,True,0.78,0.65,2,-7.0,0,0.22,0.1,0.01,0.1,0.55,95.0,4,hip hop
3250531391,HipHop,Mc Kresha,Rapsodët N'rap T'sotit,221.89,269000,True,0.78,0.65,2,-7.0,0,0.22,0.1,0.01,0.1,0.55,95.0,4,hip hop
54814981,Hip Hop (Album Version Explicit),DJ Khaled,Kiss The Ring (Deluxe),212.43,263000,True,0.78,0.65,2,-7.0,0,0.22,0.1,0.01,0.1,0.55,95.0,4,hip hop
3492516731,HipHop,Chefket,HipHop,225.094,148000,False,0.78,0.65,2,-7.0,0,0.22,0.1,0.01,0.1,0.55,95.0,4,hip hop
1760869877,Hip Hop,Glad2Mecha,Hello',195.684,218000,True,0.78,0.65,2,-7.0,0,0.22,0.1,0.01,0.1,0.55,95.0,4,hip hop
115136892,Hip Hop,August Alsina,This Thing Called Life,188.522,209000,True,0.78,0.65,2,-7.0,0,0.22,0.1,0.01,0.1,0.55,95.0,4,hip hop
9366337,H.I.P.-H.O.P.,Jazz Addixx,Oxygen,166.265,271000,False,0.78,0.65,2,-7.0,0,0.22,0.1,0.01,0.1,0.55,95.0,4,hip hop
1064961632,Hip Hop (Caminaré),Santa Fe Klan,Bendecido,179.708,203000,True,0.78,0.65,2,-7.0,0,0.22,0.1,0.01,0.1,0.55,95.0,4,hip hop
141271421,Hip-Hop,Бумбокс,Все включено,131.204,229000,False,0.78,0.65,2,-7.0,0,0.22,0.1,0.01,0.1,0.55,95.0,4,hip hop
740178062,Hip Hop,Cashmo,1994,113.449,153000,True,0.78,0.65,2,-7.0,0,0.22,0.1,0.01,0.1,0.55,95.0,4,hip hop
78231309,Hiphop,Benal,Hiphop,158.143,173000,False,0.78,0.65,2,-7.0,0,0.22,0.1,0.01,0.1,0.55,95.0,4,hip hop
128648149,H.I.P.H.O.P.,REKS,The Greatest X,178.573,170000,True,0.78,0.65,2,-7.0,0,0.22,0.1,0.01,0.1,0.55,95.0,4,hip hop
2322173435,Hip-Hop,LOS DEL SUR 833,Hip-Hop,160.865,252000,False,0.78,0.65,2,-7.0,0,0.22,0.1,0.01,0.1,0.55,95.0,4,hip hop
681402982,Hip-Hop,Itzo Hazarta,Nepravilen Rap,172.277,180000,True,0.78,0.65,2,-7.0,0,0.22,0.1,0.01,0.1,0.55,95.0,4,hip hop
3014936891,Hip Hop,Vojko V,Vojko,147.325,194000,True,0.78,0.65,2,-7.0,0,0.22,0.1,0.01,0.1,0.55,95.0,4,hip hop
141186329,Hip-Hop,Бумбокс,Family бізнес,96.269,229000,False,0.78,0.65,2,-7.0,0,0.22,0.1,0.01,0.1,0.55,95.0,4,hip hop
1533370022,Hip Hop,Neon Steve,Hip Hop,137.697,169000,False,0.78,0.65,2,-7.0,0,0.22,0.1,0.01,0.1,0.55,95.0,4,hip hop
3834345041,Hip Hop,Bizarre,Hannicap Circus,179.497,271000,True,0.78,0.65,2,-7.0,0,0.22,0.1,0.01,0.1,0.55,95.0,4,hip hop
3589916,Hip-Hop,Busta Flex,La pièce Maîtresse,162.854,302000,False,0.78,0.65,2,-7.0,0,0.22,0.1,0.01,0.1,0.55,95.0,4,hip hop
1661373792,Hip-Hop (Instrumental),Dead Prez,It's Bigger Than Hip-Hop,134.708,226000,False,0.78,0.65,2,-7.0,0,0.22,0.1,0.01,0.1,0.55,95.0,4,hip hop
1487388432,Hip Hop,Dr. Surabi,Gönn dir,137.445,212000,False,0.78,0.65,2,-7.0,0,0.22,0.1,0.01,0.1,0.55,95.0,4,hip hop
3640172762,Hip-Hop!,Nochica,Prêmio Hutúz,65.964,132000,False,0.78,0.65,2,-7.0,0,0.22,0.1,0.01,0.1,0.55,95.0,4,hip hop
2470384605,Hip hop,Triptik,TR-303,151.119,274000,False,0.78,0.65,2,-7.0,0,0.22,0.1,0.01,0.1,0.55,95.0,4,hip hop
123118800,Hip hop,Yodé & Siro,Best of 20 ans de carrière,119.699,260000,False,0.78,0.65,2,-7.0,0,0.22,0.1,0.01,0.1,0.55,95.0,4,hip hop
3906248291,Hip Hop,R3versal,Hip Hop,111.799,131000,True,0.78,0.65,2,-7.0,0,0.22,0.1,0.01,0.1,0.55,95.0,4,hip hop
3206270591,Hip Hop,Large Professor,1st Class,136.238,265000,True,0.78,0.65,2,-7.0,0,0.22,0.1,0.01,0.1,0.55,95.0,4,hip hop
849504,Hip Hop,Static-X,Loud Rocks,254.849,232000,True,0.78,0.65,2,-7.0,0,0.22,0.1,0.01,0.1,0.55,95.0,4,hip hop
2723706172,HipHop,Azad,Der Bozz 2,139.276,156000,True,0.78,0.65,2,-7.0,0,0.22,0.1,0.01,0.1,0.55,95.0,4,hip hop
2236842817,Hip - Hop,THCF,Majmun Idzuo,118.654,233000,True,0.78,0.65,2,-7.0,0,0.22,0.1,0.01,0.1,0.55,95.0,4,hip hop
691243642,HipHop,Einár,Första Klass,96.053,155000,True,0.78,0.65,2,-7.0,0,0.22,0.1,0.01,0.1,0.55,95.0,4,hip hop
3574951351,Hiphop,Elcamino,God Is Love,113.963,172000,True,0.78,0.65,2,-7.0,0,0.22,0.1,0.01,0.1,0.55,95.0,4,hip hop
703925852,Hip-Hop,X-Boxin,9,150.055,192000,True,0.78,0.65,2,-7.0,0,0.22,0.1,0.01,0.1,0.55,95.0,4,hip hop
3207170581,Hip-Hop,Belmondawg,Hip-Hop / Uchiyama,117.593,114000,True,0.78,0.65,2,-7.0,0,0.22,0.1,0.01,0.1,0.55,95.0,4,hip hop
3223954091,Hiphop,Pedro Mo,Rap Muy Supay,142.016,174000,True,0.78,0.65,2,-7.0,0,0.22,0.1,0.01,0.1,0.55,95.0,4,hip hop
2210439237,H.I.P.H.O.P,Lom-C,Proyecto Renacer,114.285,266000,False,0.78,0.65,2,-7.0,0,0.22,0.1,0.01,0.1,0.55,95.0,4,hip hop
1584431742,Hip Hop Hooray,Naughty By Nature,19NaughtyIII,553.547,267000,False,0.78,0.65,2,-7.0,0,0.22,0.1,0.01,0.1,0.55,95.0,4,hip hop
429125352,Drop It Like It's Hot,Snoop Dogg,Hip Hop 2000,738.464,266000,False,0.78,0.65,2,-7.0,0,0.22,0.1,0.01,0.1,0.55,95.0,4,hip hop
3152548451,Hip-hop Académie,Grödash,Hip-hop Académie,319.046,170000,False,0.78,0.65,2,-7.0,0,0.22,0.1,0.01,0.1,0.55,95.0,4,hip hop
1184170,No Diggity,Blackstreet,Hip Hop - Universal Masters,661.096,304000,False,0.78,0.65,2,-7.0,0,0.22,0.1,0.01,0.1,0.55,95.0,4,hip hop
429125292,Party Up,DMX,Hip Hop 2000,497.941,271000,True,0.78,0.65,2,-7.0,0,0.22,0.1,0.01,0.1,0.55,95.0,4,hip hop
23264541,Hip Hop Forever,Busta Flex,"Sexe, Violence, Rap Et Flooze",496.738,276000,True,0.78,0.65,2,-7.0,0,0.22,0.1,0.01,0.1,0.55,95.0,4,hip hop
83890421,Man Funk (feat. Leron Thomas),Guts,Hip Hop After All,568.216,234000,False,0.78,0.65,2,-7.0,0,0.22,0.1,0.01,0.1,0.55,95.0,4,hip hop
886428,The Sweet Escape,Gwen Stefani,Hip Hop: The Collection 2008,747.108,248000,False,0.78,0.65,2,-7.0,0,0.22,0.1,0.01,0.1,0.55,95.0,4,hip hop
114393906,Hip Hop Mash Up,L.E.J,En attendant l’album,512.56,182000,True,0.78,0.65,2,-7.0,0,0.22,0.1,0.01,0.1,0.55,95.0,4,hip hop
83890429,Want It Back (feat. Patrice & The Studio School Voices NYC),Guts,Hip Hop After All,594.505,212000,False,0.78,0.65,2,-7.0,0,0.22,0.1,0.01,0.1,0.55,95.0,4,hip hop
886459,Maneater,Nelly Furtado,Hip Hop: The Collection 2008,399.837,259000,False,0.78,0.65,2,-7.0,0,0.22,0.1,0.01,0.1,0.55,95.0,4,hip hop
83890413,Open Wide (feat. Lorine Chia),Guts,Hip Hop After All,505.646,219000,False,0.78,0.65,2,-7.0,0,0.22,0.1,0.01,0.1,0.55,95.0,4,hip hop
429125332,Shake Ya Tailfeather (Radio Edit),Murphy Lee,Hip Hop 2000,409.037,297000,False,0.78,0.65,2,-7.0,0,0.22,0.1,0.01,0.1,0.55,95.0,4,hip hop
3975323131,Hip Hop,dvdmusic,Hip Hop,100.0,240000,False,0.78,0.65,2,-7.0,0,0.22,0.1,0.01,0.1,0.55,95.0,4,hip hop
3993304951,Hip Hop,Sorbone mix,"Archives :, Vol. 1",100.0,157000,True,0.78,0.65,2,-7.0,0,0.22,0.1,0.01,0.1,0.55,95.0,4,hip hop
3973283511,Hip Hop,los Hijos De Los Días,La Popular Escuela,100.0,291000,False,0.78,0.65,2,-7.0,0,0.22,0.1,0.01,0.1,0.55,95.0,4,hip hop
3980533951,Hip Hop,Chris Salgado,Hip Hop,100.0,149000,False,0.78,0.65,2,-7.0,0,0.22,0.1,0.01,0.1,0.55,95.0,4,hip hop
886461,P.I.M.P.,50 Cent,Hip Hop: The Collection 2008,548.109,249000,True,0.78,0.65,2,-7.0,0,0.22,0.1,0.01,0.1,0.55,95.0,4,hip hop
380016091,Shoop,Salt-N-Pepa,90s Hip Hop,619.185,245000,False,0.78,0.65,2,-7.0,0,0.22,0.1,0.01,0.1,0.55,95.0,4,hip hop
61343229,Teach Me How To Dougie,Cali Swag District,Hip Hop Mix USA [Continuous Mix by DJ Woogie],426.743,214000,False,0.78,0.65,2,-7.0,0,0.22,0.1,0.01,0.1,0.55,95.0,4,hip hop
97963768,Come Alive,Guts,Hip Hop After All (Deluxe Edition),458.843,228000,False,0.78,0.65,2,-7.0,0,0.22,0.1,0.01,0.1,0.55,95.0,4,hip hop
1574790,Love Of My Life (An Ode To Hip Hop),Erykah Badu,Worldwide Underground,548.205,230000,False,0.78,0.65,2,-7.0,0,0.22,0.1,0.01,0.1,0.55,95.0,4,hip hop
2386470965,Starlight,Dave,Summer Hip Hop Tape,581.828,212000,True,0.78,0.65,2,-7.0,0,0.22,0.1,0.01,0.1,0.55,95.0,4,hip hop
886460,Let Me Blow Ya Mind,Eve,Hip Hop: The Collection 2008,527.976,230000,True,0.78,0.65,2,-7.0,0,0.22,0.1,0.01,0.1,0.55,95.0,4,hip hop
886456,Regulate,Warren G,Hip Hop: The Collection 2008,416.227,249000,True,0.78,0.65,2,-7.0,0,0.22,0.1,0.01,0.1,0.55,95.0,4,hip hop
3526448361,Before Hip Hop,Ice Cube,Before Hip Hop,336.764,230000,True,0.78,0.65,2,-7.0,0,0.22,0.1,0.01,0.1,0.55,95.0,4,hip hop
886426,Sensual Seduction,Snoop Dogg,Hip Hop: The Collection 2008,339.538,245000,False,0.78,0.65,2,-7.0,0,0.22,0.1,0.01,0.1,0.55,95.0,4,hip hop
666856332,Tres Delinquentes (Radio Version),Delinquent Habits,"Hip Hop 100 Hits - Urban rap & R n B anthems inc. Jay Z, A$ap Rocky, Wu-Tang Clan & Nas",484.806,258000,False,0.78,0.65,2,-7.0,0,0.22,0.1,0.01,0.1,0.55,95.0,4,hip hop
886443,Still D.R.E.,Dr. Dre,Hip Hop: The Collection 2008,569.752,267000,True,0.78,0.65,2,-7.0,0,0.22,0.1,0.01,0.1,0.55,95.0,4,hip hop
558528682,Hip Hop Is Dead,Nas,Hip Hop Is Dead (Expanded Edition),463.464,225000,False,0.78,0.65,2,-7.0,0,0.22,0.1,0.01,0.1,0.55,95.0,4,hip hop
1564465282,Hip Hop Phile,BTS,Dark & Wild,451.183,257000,False,0.78,0.65,2,-7.0,0,0.22,0.1,0.01,0.1,0.55,95.0,4,hip hop
429125312,In Da Club,50 Cent,Hip Hop 2000,324.178,193000,True,0.78,0.65,2,-7.0,0,0.22,0.1,0.01,0.1,0.55,95.0,4,hip hop
3883278201,Hip Hop Condrie,Soviet Suprem,Rouge,435.69,158000,False,0.78,0.65,2,-7.0,0,0.22,0.1,0.01,0.1,0.55,95.0,4,hip hop
61343226,Walk It Out,Unk,Hip Hop Mix USA [Continuous Mix by DJ Woogie],462.608,167000,False,0.78,0.65,2,-7.0,0,0.22,0.1,0.01,0.1,0.55,95.0,4,hip hop
2710360172,Hip-Hop Heartbeats,Lofi Universe,Downtown Sunset,394.35,176000,False,0.78,0.65,2,-7.0,0,0.22,0.1,0.01,0.1,0.55,95.0,4,hip hop
3726300822,Hip Hop Rare,L7NNON,Hip Hop Rare,351.64,124000,False,0.78,0.65,2,-7.0,0,0.22,0.1,0.01,0.1,0.55,95.0,4,hip hop
921992,Hip Hop Police (Main),Chamillionaire,Ultimate Victory,437.268,251000,True,0.78,0.65,2,-7.0,0,0.22,0.1,0.01,0.1,0.55,95.0,4,hip hop
97963742,Hip Hop First of All,Guts,Hip Hop After All (Deluxe Edition),381.357,191000,False,0.78,0.65,2,-7.0,0,0.22,0.1,0.01,0.1,0.55,95.0,4,hip hop
3726300902,Gratidão,L7NNON,Hip Hop Rare,585.213,247000,False,0.78,0.65,2,-7.0,0,0.22,0.1,0.01,0.1,0.55,95.0,4,hip hop
3849650231,Hip Hop Interlude,Bellaire,Born Funky,298.492,133000,False,0.78,0.65,2,-7.0,0,0.22,0.1,0.01,0.1,0.55,95.0,4,hip hop
69352413,Hip Hop 98,Le Rat Luciano,Quartier Attitude,342.005,63000,False,0.78,0.65,2,-7.0,0,0.22,0.1,0.01,0.1,0.55,95.0,4,hip hop
3726300892,Faça valer,L7NNON,Hip Hop Rare,509.88,216000,False,0.78,0.65,2,-7.0,0,0.22,0.1,0.01,0.1,0.55,95.0,4,hip hop
886442,Crank That (Soulja Boy),Soulja Boy Tell'em,Hip Hop: The Collection 2008,452.86,221000,False,0.78,0.65,2,-7.0,0,0.22,0.1,0.01,0.1,0.55,95.0,4,hip hop
7238793,Real Hip-Hop,Das Efx,Hold It Down,528.692,247000,False,0.78,0.65,2,-7.0,0,0.22,0.1,0.01,0.1,0.55,95.0,4,hip hop
1213451202,Hip Hop,KcK,Rap mal anders,110.083,209000,True,0.78,0.65,2,-7.0,0,0.22,0.1,0.01,0.1,0.55,95.0,4,hip hop
3498172761,H.I.P H.O.P,Dajim,แร็พ ไทย,106.426,282000,False,0.78,0.65,2,-7.0,0,0.22,0.1,0.01,0.1,0.55,95.0,4,hip hop
3726300792,Algumas frases,L7NNON,Hip Hop Rare,439.507,202000,True,0.78,0.65,2,-7.0,0,0.22,0.1,0.01,0.1,0.55,95.0,4,hip hop
1107602,Diamant Noir (Album Version),Lady Laistee,Hip Hop Therapy,448.143,209000,False,0.78,0.65,2,-7.0,0,0.22,0.1,0.01,0.1,0.55,95.0,4,hip hop
429125362,Always On Time,Ja Rule,Hip Hop 2000,496.925,243000,True,0.78,0.65,2,-7.0,0,0.22,0.1,0.01,0.1,0.55,95.0,4,hip hop
429125242,Beautiful,Snoop Dogg,Hip Hop 2000,504.109,298000,True,0.78,0.65,2,-7.0,0,0.22,0.1,0.01,0.1,0.55,95.0,4,hip hop
3726300832,Abre a porta,L7NNON,Hip Hop Rare,397.233,143000,False,0.78,0.65,2,-7.0,0,0.22,0.1,0.01,0.1,0.55,95.0,4,hip hop
3668616582,Boggling Queen,Cut Killer,Hip Hop Soul Party 4,495.077,136000,True,0.78,0.65,2,-7.0,0,0.22,0.1,0.01,0.1,0.55,95.0,4,hip hop
3668616592,Shelly Ann,Cut Killer,Hip Hop Soul Party 4,509.154,194000,True,0.78,0.65,2,-7.0,0,0.22,0.1,0.01,0.1,0.55,95.0,4,hip hop
429125392,Ride Wit Me,Nelly,Hip Hop 2000,465.376,291000,True,0.78,0.65,2,-7.0,0,0.22,0.1,0.01,0.1,0.55,95.0,4,hip hop
3611165442,Caroline (Live),MC Solaar,Caroline (Live),373.555,280000,False,0.78,0.65,2,-7.0,0,0.22,0.1,0.01,0.1,0.55,95.0,4,hip hop
3611165382,Rider toute la night (Live),Laeti,Rider toute la night (Live),341.153,216000,False,0.78,0.65,2,-7.0,0,0.22,0.1,0.01,0.1,0.55,95.0,4,hip hop
100123244,Role na City,Pacificadores,Role na City,684.52,271000,False,0.78,0.65,2,-7.0,0,0.22,0.1,0.01,0.1,0.55,95.0,4,hip hop
3726300862,Inabalável,L7NNON,Hip Hop Rare,385.067,173000,False,0.78,0.65,2,-7.0,0,0.22,0.1,0.01,0.1,0.55,95.0,4,hip hop
3668461102,Assez,Unité Maü Maü,Hip-hop enragé,361.33,275000,True,0.78,0.65,2,-7.0,0,0.22,0.1,0.01,0.1,0.55,95.0,4,hip hop
886444,Hot In Herre,Nelly,Hip Hop: The Collection 2008,468.91,229000,True,0.78,0.65,2,-7.0,0,0.22,0.1,0.01,0.1,0.55,95.0,4,hip hop
429125422,Welcome To Jamrock,Damian Marley,Hip Hop 2000,417.193,214000,False,0.78,0.65,2,-7.0,0,0.22,0.1,0.01,0.1,0.55,95.0,4,hip hop
663457,Hip-Hop Saved My Life (feat. Nikki Jean),Lupe Fiasco,Lupe Fiasco's The Cool,393.486,242000,False,0.78,0.65,2,-7.0,0,0.22,0.1,0.01,0.1,0.55,95.0,4,hip hop
558528722,Still Dreaming,Nas,Hip Hop Is Dead (Expanded Edition),472.4,217000,True,0.78,0.65,2,-7.0,0,0.22,0.1,0.01,0.1,0.55,95.0,4,hip hop
429125262,Like A Pimp,David Banner,Hip Hop 2000,458.314,255000,True,0.78,0.65,2,-7.0,0,0.22,0.1,0.01,0.1,0.55,95.0,4,hip hop
429125302,Country Grammar (Hot Shit),Nelly,Hip Hop 2000,350.54,289000,True,0.78,0.65,2,-7.0,0,0.22,0.1,0.01,0.1,0.55,95.0,4,hip hop
3893816891,Hip Hop,True2kali,Boom Bap and Space Traps,69.84,164000,True,0.78,0.65,2,-7.0,0,0.22,0.1,0.01,0.1,0.55,95.0,4,hip hop
753095462,Hip Hop,Group Home,Forever,110.073,191000,True,0.78,0.65,2,-7.0,0,0.22,0.1,0.01,0.1,0.55,95.0,4,hip hop
3668616572,Punny Printer,Cut Killer,Hip Hop Soul Party 4,409.663,131000,True,0.78,0.65,2,-7.0,0,0.22,0.1,0.01,0.1,0.55,95.0,4,hip hop
576909992,Hit 'em High,B-Real,"Hip-Hop Movies, vol. 1",435.367,257000,False,0.78,0.65,2,-7.0,0,0.22,0.1,0.01,0.1,0.55,95.0,4,hip hop
3668614492,Get It On Tonite,DJ Abdel,Hip Hop Soul Party 4,412.8,236000,True,0.78,0.65,2,-7.0,0,0.22,0.1,0.01,0.1,0.55,95.0,4,hip hop
3871287131,Bad Boys de Marseille (Version Sauvage),Akhenaton,Hip Hop Soul Party 3,414.069,297000,True,0.78,0.65,2,-7.0,0,0.22,0.1,0.01,0.1,0.55,95.0,4,hip hop
3726300762,PPTN,L7NNON,Hip Hop Rare,273.727,183000,False,0.78,0.65,2,-7.0,0,0.22,0.1,0.01,0.1,0.55,95.0,4,hip hop
3398744611,Hip Hop,Home T,The Going Is Rough,121.685,223000,False,0.78,0.65,2,-7.0,0,0.22,0.1,0.01,0.1,0.55,95.0,4,hip hop
3668461062,Rendez-nous nos vies,Unité Maü Maü,Hip-hop enragé,333.287,175000,False,0.78,0.65,2,-7.0,0,0.22,0.1,0.01,0.1,0.55,95.0,4,hip hop
429125412,Lean Back,Terror Squad,Hip Hop 2000,379.048,251000,True,0.78,0.65,2,-7.0,0,0.22,0.1,0.01,0.1,0.55,95.0,4,hip hop
77507284,The Well,Scarecrow Blues Hip Hop,The Well,424.487,190000,False,0.78,0.65,2,-7.0,0,0.22,0.1,0.01,0.1,0.55,95.0,4,hip hop
3668461052,Bordel,Unité Maü Maü,Hip-hop enragé,317.078,283000,True,0.78,0.65,2,-7.0,0,0.22,0.1,0.01,0.1,0.55,95.0,4,hip hop
3726300782,Motivos,L7NNON,Hip Hop Rare,361.98,217000,False,0.78,0.65,2,-7.0,0,0.22,0.1,0.01,0.1,0.55,95.0,4,hip hop
3668614422,Intro,DJ Abdel,Hip Hop Soul Party 4,397.257,319000,True,0.78,0.65,2,-7.0,0,0.22,0.1,0.01,0.1,0.55,95.0,4,hip hop
740051902,Fils du hip-hop,Gaël Faye,Pili pili sur un croissant au beurre,433.935,227000,False,0.78,0.65,2,-7.0,0,0.22,0.1,0.01,0.1,0.55,95.0,4,hip hop
3726300772,Hitmaker,L7NNON,Hip Hop Rare,304.713,153000,False,0.78,0.65,2,-7.0,0,0.22,0.1,0.01,0.1,0.55,95.0,4,hip hop
3668614502,Holyday Featuring Phines,DJ Abdel,Hip Hop Soul Party 4,414.042,219000,True,0.78,0.65,2,-7.0,0,0.22,0.1,0.01,0.1,0.55,95.0,4,hip hop
3668461182,Salut à toi,Unité Maü Maü,Hip-hop enragé,313.804,272000,True,0.78,0.65,2,-7.0,0,0.22,0.1,0.01,0.1,0.55,95.0,4,hip hop
585482122,Tres Delinquentes,Delinquent Habits,"Hip-Hop Legacy, Vol. 6",440.764,261000,True,0.78,0.65,2,-7.0,0,0.22,0.1,0.01,0.1,0.55,95.0,4,hip hop
3818466071,Hip Hop,Dealema,96 ao Infinito,68.146,280000,False,0.78,0.65,2,-7.0,0,0.22,0.1,0.01,0.1,0.55,95.0,4,hip hop
3668461092,Le vent se lève,Unité Maü Maü,Hip-hop enragé,317.63,328000,True,0.78,0.65,2,-7.0,0,0.22,0.1,0.01,0.1,0.55,95.0,4,hip hop
3668616602,Heads High,Cut Killer,Hip Hop Soul Party 4,381.927,184000,True,0.78,0.65,2,-7.0,0,0.22,0.1,0.01,0.1,0.55,95.0,4,hip hop
3668614522,Shake It Up,DJ Abdel,Hip Hop Soul Party 4,391.78,248000,True,0.78,0.65,2,-7.0,0,0.22,0.1,0.01,0.1,0.55,95.0,4,hip hop
3668614472,All Night Long,DJ Abdel,Hip Hop Soul Party 4,380.511,143000,True,0.78,0.65,2,-7.0,0,0.22,0.1,0.01,0.1,0.55,95.0,4,hip hop
886424,Flashing Lights,Kanye West,Hip Hop: The Collection 2008,415.626,239000,True,0.78,0.65,2,-7.0,0,0.22,0.1,0.01,0.1,0.55,95.0,4,hip hop
1206731852,Babblers (Hip Hop Mixes),Junior Reid,Reggae Meets Hip Hop,357.835,181000,False,0.78,0.65,2,-7.0,0,0.22,0.1,0.01,0.1,0.55,95.0,4,hip hop
16592195,Sweet Honey Bee,S.MOS,Hip Hop & Jazz Mixed Up Vol.1,401.466,227000,False,0.78,0.65,2,-7.0,0,0.22,0.1,0.01,0.1,0.55,95.0,4,hip hop
1119029402,I Got 5 On It,Luniz,Hip-Hop's Most Haunted,420.992,308000,False,0.78,0.65,2,-7.0,0,0.22,0.1,0.01,0.1,0.55,95.0,4,hip hop
3668614582,A L'ancienne,DJ Abdel,Hip Hop Soul Party 4,375.917,461000,True,0.78,0.65,2,-7.0,0,0.22,0.1,0.01,0.1,0.55,95.0,4,hip hop
65367291,Charleston,S.MOS,Hip Hop & Jazz Mixed Up vol.2,340.963,219000,False,0.78,0.65,2,-7.0,0,0.22,0.1,0.01,0.1,0.55,95.0,4,hip hop
886458,Don't Cha,The Pussycat Dolls,Hip Hop: The Collection 2008,456.683,273000,False,0.78,0.65,2,-7.0,0,0.22,0.1,0.01,0.1,0.55,95.0,4,hip hop
2127212047,Planos,Leo Gandelman,Hip Hop Machine #2,336.8,382000,False,0.78,0.65,2,-7.0,0,0.22,0.1,0.01,0.1,0.55,95.0,4,hip hop
73547603,Elle,Shaka,Hip-Hop Love,265.677,237000,False,0.78,0.65,2,-7.0,0,0.22,0.1,0.01,0.1,0.55,95.0,4,hip hop
3668614462,Taboo Featuring Shola Ama,DJ Abdel,Hip Hop Soul Party 4,351.453,255000,True,0.78,0.65,2,-7.0,0,0.22,0.1,0.01,0.1,0.55,95.0,4,hip hop
2126929987,More Than Abstract Hip-Hop,Degiheugi,Dancing Chords and Fireflies,412.839,190000,False,0.78,0.65,2,-7.0,0,0.22,0.1,0.01,0.1,0.55,95.0,4,hip hop
429125282,It Wasn't Me,Shaggy,Hip Hop 2000,349.507,227000,False,0.78,0.65,2,-7.0,0,0.22,0.1,0.01,0.1,0.55,95.0,4,hip hop
666856012,Break Ya Neck,Busta Rhymes,"Hip Hop 100 Hits - Urban rap & R n B anthems inc. Jay Z, A$ap Rocky, Wu-Tang Clan & Nas",419.688,231000,True,0.78,0.65,2,-7.0,0,0.22,0.1,0.01,0.1,0.55,95.0,4,hip hop
102038029,Left Behind,Scarecrow Blues Hip Hop,Left Behind,419.809,216000,False,0.78,0.65,2,-7.0,0,0.22,0.1,0.01,0.1,0.55,95.0,4,hip hop
3790933112,Hip Hop,Masto Prod,Le bruit du silence,66.55,181000,False,0.78,0.65,2,-7.0,0,0.22,0.1,0.01,0.1,0.55,95.0,4,hip hop
2340783,"Se Tu Lutas, Tu Conquistas (Ao Vivo)",SNJ,Hip Hop Futurista (Ao Vivo),392.526,355000,False,0.78,0.65,2,-7.0,0,0.22,0.1,0.01,0.1,0.55,95.0,4,hip hop
2960919,Prince Igor,The Rapsody,Hip Hop Meets Classic - The Rapsody: Overture,449.835,260000,True,0.78,0.65,2,-7.0,0,0.22,0.1,0.01,0.1,0.55,95.0,4,hip hop
3668614482,Why You Follow Me,DJ Abdel,Hip Hop Soul Party 4,371.273,312000,True,0.78,0.65,2,-7.0,0,0.22,0.1,0.01,0.1,0.55,95.0,4,hip hop
427261172,Comfortable,K CAMP,Hip Hop Love Songs,328.332,213000,True,0.78,0.65,2,-7.0,0,0.22,0.1,0.01,0.1,0.55,95.0,4,hip hop
83890427,It’s Like That (feat. Dillon Cooper),Guts,Hip Hop After All,358.932,214000,False,0.78,0.65,2,-7.0,0,0.22,0.1,0.01,0.1,0.55,95.0,4,hip hop
109499180,Take Hip Hop Back,Necro,Take Hip Hop Back,330.498,284000,True,0.78,0.65,2,-7.0,0,0.22,0.1,0.01,0.1,0.55,95.0,4,hip hop
73547604,La vie de rêve,Shaka,Hip-Hop Love,259.182,188000,False,0.78,0.65,2,-7.0,0,0.22,0.1,0.01,0.1,0.55,95.0,4,hip hop
548412112,Detalhes (Ao Vivo),Hungria Hip Hop,Hungria Hip Hop no Estúdio Showlivre (Ao Vivo),571.53,268000,False,0.78,0.65,2,-7.0,0,0.22,0.1,0.01,0.1,0.55,95.0,4,hip hop
548412042,Lembranças (Ao Vivo),Hungria Hip Hop,Hungria Hip Hop no Estúdio Showlivre (Ao Vivo),575.406,229000,False,0.78,0.65,2,-7.0,0,0.22,0.1,0.01,0.1,0.55,95.0,4,hip hop
720463982,Robbery,50 Cent,Hip-Hop Showdown - 50 Cent v Snoop Dogg,386.835,159000,False,0.78,0.65,2,-7.0,0,0.22,0.1,0.01,0.1,0.55,95.0,4,hip hop
2182328287,Onde Estará,Leo Gandelman,Hip Hop Machine #8,303.883,318000,False,0.78,0.65,2,-7.0,0,0.22,0.1,0.01,0.1,0.55,95.0,4,hip hop
429125252,How We Do,The Game,Hip Hop 2000,342.732,235000,True,0.78,0.65,2,-7.0,0,0.22,0.1,0.01,0.1,0.55,95.0,4,hip hop
609373,Hip Hop Star (feat. Big Boi & Sleepy Brown) (Album Version),Beyoncé,Dangerously In Love,316.561,222000,False,0.78,0.65,2,-7.0,0,0.22,0.1,0.01,0.1,0.55,95.0,4,hip hop
548412072,Dubai (Ao Vivo),Hungria Hip Hop,Hungria Hip Hop no Estúdio Showlivre (Ao Vivo),553.792,254000,False,0.78,0.65,2,-7.0,0,0.22,0.1,0.01,0.1,0.55,95.0,4,hip hop
3668614512,U Know Whats Up Featuring Left Eye,DJ Abdel,Hip Hop Soul Party 4,348.654,187000,True,0.78,0.65,2,-7.0,0,0.22,0.1,0.01,0.1,0.55,95.0,4,hip hop
886439,I Got It From My Mama,will.i.am,Hip Hop: The Collection 2008,358.909,245000,False,0.78,0.65,2,-7.0,0,0.22,0.1,0.01,0.1,0.55,95.0,4,hip hop
77507285,Lonely Hope Blues (Version longue),Scarecrow Blues Hip Hop,The Well,305.229,354000,False,0.78,0.65,2,-7.0,0,0.22,0.1,0.01,0.1,0.55,95.0,4,hip hop
3668616642,Miss Fat Booty,Cut Killer,Hip Hop Soul Party 4,352.058,253000,True,0.78,0.65,2,-7.0,0,0.22,0.1,0.01,0.1,0.55,95.0,4,hip hop
886434,Tambourine,Eve,Hip Hop: The Collection 2008,271.197,194000,True,0.78,0.65,2,-7.0,0,0.22,0.1,0.01,0.1,0.55,95.0,4,hip hop
3668616472,On Fout Tous La Merde En hh,Cut Killer,Hip Hop Soul Party 4,327.977,257000,True,0.78,0.65,2,-7.0,0,0.22,0.1,0.01,0.1,0.55,95.0,4,hip hop
548412052,Astronauta (Ao Vivo),Hungria Hip Hop,Hungria Hip Hop no Estúdio Showlivre (Ao Vivo),549.038,245000,False,0.78,0.65,2,-7.0,0,0.22,0.1,0.01,0.1,0.55,95.0,4,hip hop
3668614552,Anything and Everything,DJ Abdel,Hip Hop Soul Party 4,323.586,217000,True,0.78,0.65,2,-7.0,0,0.22,0.1,0.01,0.1,0.55,95.0,4,hip hop
369223321,HUMBLE.,Kendrick Lamar,Hip Hop Hit List (Vol. 2),307.071,177000,True,0.78,0.65,2,-7.0,0,0.22,0.1,0.01,0.1,0.55,95.0,4,hip hop
558528702,Black Republican,Nas,Hip Hop Is Dead (Expanded Edition),295.776,225000,True,0.78,0.65,2,-7.0,0,0.22,0.1,0.01,0.1,0.55,95.0,4,hip hop
3668614442,Dancin,DJ Abdel,Hip Hop Soul Party 4,322.584,245000,True,0.78,0.65,2,-7.0,0,0.22,0.1,0.01,0.1,0.55,95.0,4,hip hop
3668614542,You,DJ Abdel,Hip Hop Soul Party 4,279.006,204000,True,0.78,0.65,2,-7.0,0,0.22,0.1,0.01,0.1,0.55,95.0,4,hip hop
1755690777,Hip Hop!,EAV (Erste Allgemeine Verunsicherung),Watumba!,85.756,252000,False,0.78,0.65,2,-7.0,0,0.22,0.1,0.01,0.1,0.55,95.0,4,hip hop
3668614562,No More,DJ Abdel,Hip Hop Soul Party 4,307.16,204000,True,0.78,0.65,2,-7.0,0,0.22,0.1,0.01,0.1,0.55,95.0,4,hip hop
1246476962,Hip Hop Symphony,Allium Ba,Hip Hop Symphony,113.444,149000,False,0.78,0.65,2,-7.0,0,0.22,0.1,0.01,0.1,0.55,95.0,4,hip hop
67421044,"All, Now",Scarecrow Blues Hip Hop,Devil & Crossroads,355.152,207000,False,0.78,0.65,2,-7.0,0,0.22,0.1,0.01,0.1,0.55,95.0,4,hip hop
16592191,Topsy,S.MOS,Hip Hop & Jazz Mixed Up Vol.1,306.267,277000,False,0.78,0.65,2,-7.0,0,0.22,0.1,0.01,0.1,0.55,95.0,4,hip hop
3871287191,Choisis - Dans Le Rôle Du Pauv' Mec,K-reen,Hip Hop Soul Party 3,340.873,217000,True,0.78,0.65,2,-7.0,0,0.22,0.1,0.01,0.1,0.55,95.0,4,hip hop
3668600962,Every Day Every Night,Cut Killer,Hip Hop Soul Party 2,298.099,283000,True,0.78,0.65,2,-7.0,0,0.22,0.1,0.01,0.1,0.55,95.0,4,hip hop
3668600982,Candy Rain,Cut Killer,Hip Hop Soul Party 2,300.266,141000,True,0.78,0.65,2,-7.0,0,0.22,0.1,0.01,0.1,0.55,95.0,4,hip hop
768174302,Hard Hip Hop (Live 2019),Mylène Farmer,Live 2019,319.413,216000,False,0.78,0.65,2,-7.0,0,0.22,0.1,0.01,0.1,0.55,95.0,4,hip hop
3117069,Tout Saigne (Remasterisé En 2006),La Clinique,Hostile Hip Hop,617.067,252000,False,0.78,0.65,2,-7.0,0,0.22,0.1,0.01,0.1,0.55,95.0,4,hip hop
548412132,Cama de Casal (Ao Vivo),Hungria Hip Hop,Hungria Hip Hop no Estúdio Showlivre (Ao Vivo),443.827,275000,False,0.78,0.65,2,-7.0,0,0.22,0.1,0.01,0.1,0.55,95.0,4,hip hop
2221093817,Hip hop,Officiel SAM,Révolution,51.99,172000,False,0.78,0.65,2,-7.0,0,0.22,0.1,0.01,0.1,0.55,95.0,4,hip hop
720464092,Nobody Does It Better,Snoop Dogg,Hip-Hop Showdown - 50 Cent v Snoop Dogg,342.478,269000,True,0.78,0.65,2,-7.0,0,0.22,0.1,0.01,0.1,0.55,95.0,4,hip hop
3117072,Le Crime Paie (Remasterisé En 2006),Lunatic,Hostile Hip Hop,569.98,298000,False,0.78,0.65,2,-7.0,0,0.22,0.1,0.01,0.1,0.55,95.0,4,hip hop
610408142,"Roll It Up, Light It Up, Smoke It Up",Cypress Hill,"Hip-Hop Movies, Vol. 2",340.226,211000,False,0.78,0.65,2,-7.0,0,0.22,0.1,0.01,0.1,0.55,95.0,4,hip hop
67421042,Ain't Got No Choice (But Buying You),Scarecrow Blues Hip Hop,Devil & Crossroads,306.357,336000,False,0.78,0.65,2,-7.0,0,0.22,0.1,0.01,0.1,0.55,95.0,4,hip hop
548412102,O Playboy Rodou (Ao Vivo),Hungria Hip Hop,Hungria Hip Hop no Estúdio Showlivre (Ao Vivo),446.769,243000,False,0.78,0.65,2,-7.0,0,0.22,0.1,0.01,0.1,0.55,95.0,4,hip hop
124133162,Superhuman,Lo Mejor del Rap y del Hip Hop,"Lo Mejor del Rap y del Hip Hop, Vol.3",485.413,218000,False,0.78,0.65,2,-7.0,0,0.22,0.1,0.01,0.1,0.55,95.0,4,hip hop
2850381022,Hip Hop,Drixxxe,Drixxxen Le Triptik Works,47.655,130000,False,0.78,0.65,2,-7.0,0,0.22,0.1,0.01,0.1,0.55,95.0,4,hip hop
2433852435,Hip Hop,Gruppa Karl-Marx-Stadt,Budem Weselitsja,87.759,160000,False,0.78,0.65,2,-7.0,0,0.22,0.1,0.01,0.1,0.55,95.0,4,hip hop
73975324,If I Could Go! (feat. Lil' Mo & Sacario),Angie Martinez,Hip-Hop - The Old Skool Collection,327.829,244000,False,0.78,0.65,2,-7.0,0,0.22,0.1,0.01,0.1,0.55,95.0,4,hip hop
1656971562,Hip Hop,DJ Jazzy Jeff,The Return of the Magnificent,77.977,371000,False,0.78,0.65,2,-7.0,0,0.22,0.1,0.01,0.1,0.55,95.0,4,hip hop
611942882,Hip Hop,Busta Flex,Flex Ta Tape,94.419,199000,True,0.78,0.65,2,-7.0,0,0.22,0.1,0.01,0.1,0.55,95.0,4,hip hop
548412122,Carruagem (Ao Vivo),Hungria Hip Hop,Hungria Hip Hop no Estúdio Showlivre (Ao Vivo),412.5,231000,False,0.78,0.65,2,-7.0,0,0.22,0.1,0.01,0.1,0.55,95.0,4,hip hop
548412082,Não Tenho Freio (Ao Vivo),Hungria Hip Hop,Hungria Hip Hop no Estúdio Showlivre (Ao Vivo),406.305,199000,False,0.78,0.65,2,-7.0,0,0.22,0.1,0.01,0.1,0.55,95.0,4,hip hop
65397126,Hip Hop,Airborne,Heavy Vibes,46.084,285000,False,0.78,0.65,2,-7.0,0,0.22,0.1,0.01,0.1,0.55,95.0,4,hip hop
548412062,Meu Carona (Ao Vivo),Hungria Hip Hop,Hungria Hip Hop no Estúdio Showlivre (Ao Vivo),389.947,217000,False,0.78,0.65,2,-7.0,0,0.22,0.1,0.01,0.1,0.55,95.0,4,hip hop
3061683771,HIP HOP,YOMPIBOY,HIP HOP,30.075,172000,True,0.78,0.65,2,-7.0,0,0.22,0.1,0.01,0.1,0.55,95.0,4,hip hop
3921974641,Hip Hop,Nidza Bleja,Hip Hop,45.145,206000,False,0.78,0.65,2,-7.0,0,0.22,0.1,0.01,0.1,0.55,95.0,4,hip hop
1054825202,Hip Hop,Bob Mintzer Big Band,Camouflage,37.603,367000,False,0.78,0.65,2,-7.0,0,0.22,0.1,0.01,0.1,0.55,95.0,4,hip hop
548412092,Sai do Meu Pé (Ao Vivo),Hungria Hip Hop,Hungria Hip Hop no Estúdio Showlivre (Ao Vivo),423.235,210000,False,0.78,0.65,2,-7.0,0,0.22,0.1,0.01,0.1,0.55,95.0,4,hip hop
29760471,Due Process,Lone Catalysts,Hip Hop,178.454,313000,False,0.78,0.65,2,-7.0,0,0.22,0.1,0.01,0.1,0.55,95.0,4,hip hop
1277942,Hip hop,Afu-Ra,The Basement,164.466,233000,True,0.78,0.65,2,-7.0,0,0.22,0.1,0.01,0.1,0.55,95.0,4,hip hop
66035292,Hip Hop,Krs-one,Maximum Strength 2008,53.782,210000,False,0.78,0.65,2,-7.0,0,0.22,0.1,0.01,0.1,0.55,95.0,4,hip hop
3475339321,DEAF KEV - Invincible Glitch Hop,Electronic,House,481.418,273000,False,0.75,0.88,9,-5.5,0,0.07,0.03,0.4,0.08,0.5,128.0,4,electronic
3475339391,Tropical House,Electronic,House,246.0,204000,False,0.75,0.88,9,-5.5,0,0.07,0.03,0.4,0.08,0.5,128.0,4,electronic
3475339371,Spektrem - Shine Progressive House,Electronic,House,166.154,259000,False,0.75,0.88,9,-5.5,0,0.07,0.03,0.4,0.08,0.5,128.0,4,electronic
3450812,Like No Other,Electronic,Twisted Tenderness (Special Edition),141.811,280000,False,0.75,0.88,9,-5.5,0,0.07,0.03,0.4,0.08,0.5,128.0,4,electronic
3475339351,Blank Melodic Dubstep,Electronic,House,60.421,209000,False,0.75,0.88,9,-5.5,0,0.07,0.03,0.4,0.08,0.5,128.0,4,electronic
3450808,Vivid,Electronic,Twisted Tenderness (Special Edition),71.607,337000,False,0.75,0.88,9,-5.5,0,0.07,0.03,0.4,0.08,0.5,128.0,4,electronic
1862005767,Electronic,A'Gun,Electronic,131.339,243000,False,0.75,0.88,9,-5.5,0,0.07,0.03,0.4,0.08,0.5,128.0,4,electronic
14628521,Dark Angel,Electronic,Raise The Pressure,105.76,330000,False,0.75,0.88,9,-5.5,0,0.07,0.03,0.4,0.08,0.5,128.0,4,electronic
3441626211,Electronic Heart (Slowed),NIVEK FFORHS,Electronic Heart,311.409,235000,False,0.75,0.88,9,-5.5,0,0.07,0.03,0.4,0.08,0.5,128.0,4,electronic
16753987,Beneath Your Beautiful (feat. Emeli Sandé),Labrinth,Electronic Earth (Expanded Edition),614.746,271000,False,0.75,0.88,9,-5.5,0,0.07,0.03,0.4,0.08,0.5,128.0,4,electronic
3917153231,Electronic,Eskila,Electronic,100.0,231000,False,0.75,0.88,9,-5.5,0,0.07,0.03,0.4,0.08,0.5,128.0,4,electronic
2773135571,Sofa Rockers,Sofa Surfers,Electronic Music Anthology : The Trip-Hop Session,425.298,305000,False,0.75,0.88,9,-5.5,0,0.07,0.03,0.4,0.08,0.5,128.0,4,electronic
3416400501,Erotic Electronic,Slayyyter,STARFUCKER,379.851,143000,True,0.75,0.88,9,-5.5,0,0.07,0.03,0.4,0.08,0.5,128.0,4,electronic
3441626201,Electronic Heart,NIVEK FFORHS,Electronic Heart,415.379,188000,False,0.75,0.88,9,-5.5,0,0.07,0.03,0.4,0.08,0.5,128.0,4,electronic
3088638,Electronic Performers,Air,10 000 Hz Legend,418.236,336000,False,0.75,0.88,9,-5.5,0,0.07,0.03,0.4,0.08,0.5,128.0,4,electronic
2063814877,Electronic Pleasure,N-Trance,Electronic Pleasure,366.416,232000,False,0.75,0.88,9,-5.5,0,0.07,0.03,0.4,0.08,0.5,128.0,4,electronic
3038019871,Electronic Ending,French 79,Sur un fil (Bande originale du film),299.057,221000,False,0.75,0.88,9,-5.5,0,0.07,0.03,0.4,0.08,0.5,128.0,4,electronic
2143665547,Sanctuary,Electronic Gems,Flux,346.469,233000,False,0.75,0.88,9,-5.5,0,0.07,0.03,0.4,0.08,0.5,128.0,4,electronic
3475339291,Electro-Light - Symbolism,Electronic,House,105.969,291000,False,0.75,0.88,9,-5.5,0,0.07,0.03,0.4,0.08,0.5,128.0,4,electronic
2456385795,Get the Message (DNA Groove Mix),Electronic,Get The Message - The Best Of Electronic,157.32,327000,False,0.75,0.88,9,-5.5,0,0.07,0.03,0.4,0.08,0.5,128.0,4,electronic
526197922,Kanikani,Tiburk,Electronic Landscape,403.892,224000,False,0.75,0.88,9,-5.5,0,0.07,0.03,0.4,0.08,0.5,128.0,4,electronic
16753982,Earthquake (feat. Tinie Tempah),Labrinth,Electronic Earth (Expanded Edition),465.566,275000,True,0.75,0.88,9,-5.5,0,0.07,0.03,0.4,0.08,0.5,128.0,4,electronic
3464179411,Fiction,A Casa das 4 Mulheres,Electronic Hits,383.003,195000,False,0.75,0.88,9,-5.5,0,0.07,0.03,0.4,0.08,0.5,128.0,4,electronic
3475339311,Música Electrónica JP Music,Electronic,House,106.008,367000,False,0.75,0.88,9,-5.5,0,0.07,0.03,0.4,0.08,0.5,128.0,4,electronic
3464179461,Simbiosi,A Casa das 4 Mulheres,Electronic Hits,387.599,120000,False,0.75,0.88,9,-5.5,0,0.07,0.03,0.4,0.08,0.5,128.0,4,electronic
3807855622,electronic love,VSTA,electronic love,120.602,157000,False,0.75,0.88,9,-5.5,0,0.07,0.03,0.4,0.08,0.5,128.0,4,electronic
745274402,Niemand,KOMPROMAT,Electronic Music Anthology Vol. 2 (by FG),534.675,242000,False,0.75,0.88,9,-5.5,0,0.07,0.03,0.4,0.08,0.5,128.0,4,electronic
3475339281,Konac - Home Future House,Electronic,House,111.556,243000,False,0.75,0.88,9,-5.5,0,0.07,0.03,0.4,0.08,0.5,128.0,4,electronic
3467719671,Atomos,A Casa das 4 Mulheres,Electronic New Age,292.382,155000,False,0.75,0.88,9,-5.5,0,0.07,0.03,0.4,0.08,0.5,128.0,4,electronic
3450806,Make It Happen,Electronic,Twisted Tenderness (Special Edition),88.609,461000,False,0.75,0.88,9,-5.5,0,0.07,0.03,0.4,0.08,0.5,128.0,4,electronic
1814441737,Turn Up the Satan,Ghinzu,Electronic Jacuzzi,355.206,275000,False,0.75,0.88,9,-5.5,0,0.07,0.03,0.4,0.08,0.5,128.0,4,electronic
3467719741,Cronos,A Casa das 4 Mulheres,Electronic New Age,303.828,178000,False,0.75,0.88,9,-5.5,0,0.07,0.03,0.4,0.08,0.5,128.0,4,electronic
3467719691,Galaga,A Casa das 4 Mulheres,Electronic New Age,298.702,142000,False,0.75,0.88,9,-5.5,0,0.07,0.03,0.4,0.08,0.5,128.0,4,electronic
1022290152,Lara,ALIVEMAEX,Electronic Catwalk,295.717,332000,False,0.75,0.88,9,-5.5,0,0.07,0.03,0.4,0.08,0.5,128.0,4,electronic
2037296347,Electronic,TV-FM,DARK GARBAGE,60.687,112000,False,0.75,0.88,9,-5.5,0,0.07,0.03,0.4,0.08,0.5,128.0,4,electronic
3467719781,Mirage,A Casa das 4 Mulheres,Electronic New Age,288.936,143000,False,0.75,0.88,9,-5.5,0,0.07,0.03,0.4,0.08,0.5,128.0,4,electronic
2133017527,Electronic,180 BPM,Fast Forward Vol. 2,145.837,186000,False,0.75,0.88,9,-5.5,0,0.07,0.03,0.4,0.08,0.5,128.0,4,electronic
3467719751,Tempest,A Casa das 4 Mulheres,Electronic New Age,254.26,199000,False,0.75,0.88,9,-5.5,0,0.07,0.03,0.4,0.08,0.5,128.0,4,electronic
3464179481,Profile,A Casa das 4 Mulheres,Electronic Hits,267.5,69000,False,0.75,0.88,9,-5.5,0,0.07,0.03,0.4,0.08,0.5,128.0,4,electronic
1814441777,Thoughts behind the scene,Ghinzu,Electronic Jacuzzi,308.359,382000,False,0.75,0.88,9,-5.5,0,0.07,0.03,0.4,0.08,0.5,128.0,4,electronic
2384422145,Lucky Bag,Electronic,Lucky Bag,81.654,346000,False,0.75,0.88,9,-5.5,0,0.07,0.03,0.4,0.08,0.5,128.0,4,electronic
3208064151,Electronic,Cirillo Jr,Electronic,66.417,141000,False,0.75,0.88,9,-5.5,0,0.07,0.03,0.4,0.08,0.5,128.0,4,electronic
16753985,Express Yourself,Labrinth,Electronic Earth (Expanded Edition),303.7,245000,False,0.75,0.88,9,-5.5,0,0.07,0.03,0.4,0.08,0.5,128.0,4,electronic
3467719761,Atlantida,A Casa das 4 Mulheres,Electronic New Age,236.023,172000,False,0.75,0.88,9,-5.5,0,0.07,0.03,0.4,0.08,0.5,128.0,4,electronic
3475339381,On & On Electronic,Electronic,House,109.964,208000,False,0.75,0.88,9,-5.5,0,0.07,0.03,0.4,0.08,0.5,128.0,4,electronic
3475339361,Sky High Progressive House,Electronic,House,42.733,238000,False,0.75,0.88,9,-5.5,0,0.07,0.03,0.4,0.08,0.5,128.0,4,electronic
3467719731,Nebula,A Casa das 4 Mulheres,Electronic New Age,311.248,177000,False,0.75,0.88,9,-5.5,0,0.07,0.03,0.4,0.08,0.5,128.0,4,electronic
3467719721,Serena,A Casa das 4 Mulheres,Electronic New Age,313.912,150000,False,0.75,0.88,9,-5.5,0,0.07,0.03,0.4,0.08,0.5,128.0,4,electronic
3659324702,Hollow Midnight Tune,Electronic,Hollow Midnight Tune,55.047,211000,False,0.75,0.88,9,-5.5,0,0.07,0.03,0.4,0.08,0.5,128.0,4,electronic
3475339331,Uplifting Vocal Trance,Electronic,House,48.65,222000,False,0.75,0.88,9,-5.5,0,0.07,0.03,0.4,0.08,0.5,128.0,4,electronic
3450817,Radiation,Electronic,Twisted Tenderness (Special Edition),74.94,453000,False,0.75,0.88,9,-5.5,0,0.07,0.03,0.4,0.08,0.5,128.0,4,electronic
550470572,Who Loves the Sun,Nu & Jo Ke,Electronic Music Anthology (by FG),357.225,558000,False,0.75,0.88,9,-5.5,0,0.07,0.03,0.4,0.08,0.5,128.0,4,electronic
3450822,Come Down Now (Cevin Fisher Mix),Electronic,Twisted Tenderness (Special Edition),62.344,501000,False,0.75,0.88,9,-5.5,0,0.07,0.03,0.4,0.08,0.5,128.0,4,electronic
3475339301,Electro-Light - Symbolism pt. II,Electronic,House,51.282,248000,False,0.75,0.88,9,-5.5,0,0.07,0.03,0.4,0.08,0.5,128.0,4,electronic
3115066911,Electronic,K'LICH3,Electronic,19.56,279000,False,0.75,0.88,9,-5.5,0,0.07,0.03,0.4,0.08,0.5,128.0,4,electronic
6150342,Electronic,Spread The Disease,The Sheer Force of Inertia,26.712,122000,False,0.75,0.88,9,-5.5,0,0.07,0.03,0.4,0.08,0.5,128.0,4,electronic
3467719711,Harmonix,A Casa das 4 Mulheres,Electronic New Age,278.698,149000,False,0.75,0.88,9,-5.5,0,0.07,0.03,0.4,0.08,0.5,128.0,4,electronic
8095310,Electronic,Astral Projection,The Astral Files,69.93,544000,False,0.75,0.88,9,-5.5,0,0.07,0.03,0.4,0.08,0.5,128.0,4,electronic
1187332472,Cada Vez (Grant Nelson Vocal Mix),Negrocan,"Electronic Music Anthology, Vol. 3 (by FG)",418.048,230000,False,0.75,0.88,9,-5.5,0,0.07,0.03,0.4,0.08,0.5,128.0,4,electronic
3475339341,My Heart Drumstep,Electronic,House,27.501,267000,False,0.75,0.88,9,-5.5,0,0.07,0.03,0.4,0.08,0.5,128.0,4,electronic
3467719701,Pandora,A Casa das 4 Mulheres,Electronic New Age,258.764,195000,False,0.75,0.88,9,-5.5,0,0.07,0.03,0.4,0.08,0.5,128.0,4,electronic
3449383581,Electronic,The MC Records,SAGITTARIUS,47.173,150000,False,0.75,0.88,9,-5.5,0,0.07,0.03,0.4,0.08,0.5,128.0,4,electronic
3612444472,Electronic,Uneekint,Electronic,19.381,156000,False,0.75,0.88,9,-5.5,0,0.07,0.03,0.4,0.08,0.5,128.0,4,electronic
2741438681,Secret Groove,Electronic,Electronic,6.955,237000,False,0.75,0.88,9,-5.5,0,0.07,0.03,0.4,0.08,0.5,128.0,4,electronic
2326634625,Electronic,Frenetik,Electronic,11.581,216000,False,0.75,0.88,9,-5.5,0,0.07,0.03,0.4,0.08,0.5,128.0,4,electronic
3892612781,ELECTRONIC,Kisses,FROM THE MUD,18.844,154000,False,0.75,0.88,9,-5.5,0,0.07,0.03,0.4,0.08,0.5,128.0,4,electronic
3310789741,Sungazing (Electronic Mix),Michael Bibi,Sungazing (Electronic Mix),398.501,247000,False,0.75,0.88,9,-5.5,0,0.07,0.03,0.4,0.08,0.5,128.0,4,electronic
1384885522,Electronic,Shyisma,Goa Unite 2021.2,32.143,329000,False,0.75,0.88,9,-5.5,0,0.07,0.03,0.4,0.08,0.5,128.0,4,electronic
106224621,Vee,Dualryan,Electronic Super Joy: Take It to the Club,255.197,211000,False,0.75,0.88,9,-5.5,0,0.07,0.03,0.4,0.08,0.5,128.0,4,electronic
3594364272,Electronic,sereN1ty,GEOMETRY MUSIC,30.445,72000,False,0.75,0.88,9,-5.5,0,0.07,0.03,0.4,0.08,0.5,128.0,4,electronic
3659324752,Five Years on Phone,Electronic,Hollow Midnight Tune,75.997,274000,False,0.75,0.88,9,-5.5,0,0.07,0.03,0.4,0.08,0.5,128.0,4,electronic
2525091551,Electronic,Djfc,Double It,15.432,258000,False,0.75,0.88,9,-5.5,0,0.07,0.03,0.4,0.08,0.5,128.0,4,electronic
3450847,Prodigal Son (Harvey's A Star In Your Own Mind Mix),Electronic,Vivid EP,10.682,602000,False,0.75,0.88,9,-5.5,0,0.07,0.03,0.4,0.08,0.5,128.0,4,electronic
6150344,Electronic,Spread The Disease,The Sheer Force of Inertia,13.66,33000,False,0.75,0.88,9,-5.5,0,0.07,0.03,0.4,0.08,0.5,128.0,4,electronic
485491622,Electronic,Malikk,Dragibus,25.476,388000,False,0.75,0.88,9,-5.5,0,0.07,0.03,0.4,0.08,0.5,128.0,4,electronic
2895668871,Malam panjang,Electronic,Malam panjang,21.511,120000,False,0.75,0.88,9,-5.5,0,0.07,0.03,0.4,0.08,0.5,128.0,4,electronic
901000372,Electronic,Basil Kirchin,Everyday Madness,15.877,532000,False,0.75,0.88,9,-5.5,0,0.07,0.03,0.4,0.08,0.5,128.0,4,electronic
1244794962,Electronic,Dayrick,Open Your Eyes to Safer Driving !,1.069,197000,False,0.75,0.88,9,-5.5,0,0.07,0.03,0.4,0.08,0.5,128.0,4,electronic
484774992,Electronic,Dynamik Bass System,The Mighty Machine,17.786,469000,False,0.75,0.88,9,-5.5,0,0.07,0.03,0.4,0.08,0.5,128.0,4,electronic
1191369882,E.L.E.C.T.R.O.N.I.C,MrJuan,Dance with MrJuan,7.09,197000,False,0.75,0.88,9,-5.5,0,0.07,0.03,0.4,0.08,0.5,128.0,4,electronic
2296555245,Electronic,MrRevant,Relaxing Summer House,18.787,140000,False,0.75,0.88,9,-5.5,0,0.07,0.03,0.4,0.08,0.5,128.0,4,electronic
796233962,Electronic,Mark E Moon,Refer,25.862,273000,False,0.75,0.88,9,-5.5,0,0.07,0.03,0.4,0.08,0.5,128.0,4,electronic
3184868751,Electronic,Etika (LT),Physical Therapy,2.001,314000,False,0.75,0.88,9,-5.5,0,0.07,0.03,0.4,0.08,0.5,128.0,4,electronic
6328643,Electronic,Cosmic Conspiracy,Cosmic Conspiracy,15.96,302000,False,0.75,0.88,9,-5.5,0,0.07,0.03,0.4,0.08,0.5,128.0,4,electronic
2654357482,Electronic,Atheris Energy,Never Give Up,7.289,223000,False,0.75,0.88,9,-5.5,0,0.07,0.03,0.4,0.08,0.5,128.0,4,electronic
3450811,Twisted Tenderness,Electronic,Twisted Tenderness (Special Edition),50.166,331000,False,0.75,0.88,9,-5.5,0,0.07,0.03,0.4,0.08,0.5,128.0,4,electronic
124186232,Brick England,Jean-Michel Jarre,Electronica 2: The Heart of Noise,416.167,241000,False,0.75,0.88,9,-5.5,0,0.07,0.03,0.4,0.08,0.5,128.0,4,electronic
3450809,Breakdown,Electronic,Twisted Tenderness (Special Edition),48.112,352000,True,0.75,0.88,9,-5.5,0,0.07,0.03,0.4,0.08,0.5,128.0,4,electronic
3467719681,Orbitron,A Casa das 4 Mulheres,Electronic New Age,246.835,108000,False,0.75,0.88,9,-5.5,0,0.07,0.03,0.4,0.08,0.5,128.0,4,electronic
114260402,Electronic (Radio Mix),Matty Menck & Basti M,Electronic,0.012,172000,False,0.75,0.88,9,-5.5,0,0.07,0.03,0.4,0.08,0.5,128.0,4,electronic
551183262,Electronic (Baleari),Ibiza Poolside Music,"Chillout Ibiza CD - Chillout Relaxation Dream Club, Ibiza Opening Party 2018",62.477,194000,False,0.75,0.88,9,-5.5,0,0.07,0.03,0.4,0.08,0.5,128.0,4,electronic
3865729741,vampire Girl,TripleSpine,electronic death Music,220.567,131000,True,0.75,0.88,9,-5.5,0,0.07,0.03,0.4,0.08,0.5,128.0,4,electronic
3925876901,Morning Without You,Mr. Kev Davy,Morning Without You,13.744,154000,False,0.75,0.88,9,-5.5,0,0.07,0.03,0.4,0.08,0.5,128.0,4,electronic
496490232,Electronic,Nexone,Electronic,60.53,157000,False,0.75,0.88,9,-5.5,0,0.07,0.03,0.4,0.08,0.5,128.0,4,electronic
3450823,Make It Happen (Darren Price Mix),Electronic,Twisted Tenderness (Special Edition),50.736,359000,False,0.75,0.88,9,-5.5,0,0.07,0.03,0.4,0.08,0.5,128.0,4,electronic
141147761,Electronic (Urban Fitness),Antiphonics & Beautiful K,Smooth Ambient Lounge,6.894,281000,False,0.75,0.88,9,-5.5,0,0.07,0.03,0.4,0.08,0.5,128.0,4,electronic
2654357572,Electronic (Alternative Version),Atheris Energy,Never Give Up,8.996,223000,False,0.75,0.88,9,-5.5,0,0.07,0.03,0.4,0.08,0.5,128.0,4,electronic
1362831122,Electronic (Slow Down),The Jazz,"Sensual Essence, Vol. 1",10.249,260000,False,0.75,0.88,9,-5.5,0,0.07,0.03,0.4,0.08,0.5,128.0,4,electronic
10094418,Crockett's Theme,Electronic Band,Synthesizer,122.572,229000,False,0.75,0.88,9,-5.5,0,0.07,0.03,0.4,0.08,0.5,128.0,4,electronic
3272588251,Electronic (Stockholm Radio Edit),Les Dupont,30 Electronic Pictures,4.821,223000,False,0.75,0.88,9,-5.5,0,0.07,0.03,0.4,0.08,0.5,128.0,4,electronic
10094419,Pulstar,Electronic Band,Synthesizer,120.712,273000,False,0.75,0.88,9,-5.5,0,0.07,0.03,0.4,0.08,0.5,128.0,4,electronic
133423438,Electronic (Lounge Music),Ambient Lounge All Stars & Lounge 50,"Spa Relaxation 20 Songs - Perfect Playlist for Deep Sensual Massage, Face Mask and Relaxing Spa Treatments, Chillout Background fo",9.149,206000,False,0.75,0.88,9,-5.5,0,0.07,0.03,0.4,0.08,0.5,128.0,4,electronic
492109542,Electronic (Ibiza Dance Cut),Pulsatronic,Ibiza 2012 Remixes (Electro - House - Dance - Tunes),1.313,304000,False,0.75,0.88,9,-5.5,0,0.07,0.03,0.4,0.08,0.5,128.0,4,electronic
2406296725,Electronic,Jamix Project,Electronic,37.152,156000,False,0.75,0.88,9,-5.5,0,0.07,0.03,0.4,0.08,0.5,128.0,4,electronic
1972591357,Purple,Bulb,Electronic,64.486,270000,False,0.75,0.88,9,-5.5,0,0.07,0.03,0.4,0.08,0.5,128.0,4,electronic
2543938811,Revolutions Pt.2,Electronic Visions,Creation: The Early Works,119.28,180000,False,0.75,0.88,9,-5.5,0,0.07,0.03,0.4,0.08,0.5,128.0,4,electronic
2402181565,Disappointed (808 Mix),Electronic,Disappointed (808 Mix),40.809,273000,False,0.75,0.88,9,-5.5,0,0.07,0.03,0.4,0.08,0.5,128.0,4,electronic
3450813,Late at Night,Electronic,Twisted Tenderness (Special Edition),33.058,253000,False,0.75,0.88,9,-5.5,0,0.07,0.03,0.4,0.08,0.5,128.0,4,electronic
989984752,Electronic (Radio Mix) (2020 Remaster),John B,Electrostep (15th Anniversary Edition) (Remastered),18.83,201000,False,0.75,0.88,9,-5.5,0,0.07,0.03,0.4,0.08,0.5,128.0,4,electronic
3107730,Electronic,Teki Latex,Party De Plaisir,108.148,285000,False,0.75,0.88,9,-5.5,0,0.07,0.03,0.4,0.08,0.5,128.0,4,electronic
3467719771,Ultraviolet,A Casa das 4 Mulheres,Electronic New Age,234.878,191000,False,0.75,0.88,9,-5.5,0,0.07,0.03,0.4,0.08,0.5,128.0,4,electronic
3450814,Prodigal Son,Electronic,Twisted Tenderness (Special Edition),34.453,429000,False,0.75,0.88,9,-5.5,0,0.07,0.03,0.4,0.08,0.5,128.0,4,electronic
3020612411,Electronic Plans,Deep House Jazz & Lounge,Bar Grooves,126.309,80000,False,0.75,0.88,9,-5.5,0,0.07,0.03,0.4,0.08,0.5,128.0,4,electronic
3040716421,No Bad Vibes,Jazzy,No Bad Vibes,719.146,162000,False,0.45,0.45,6,-10.0,1,0.04,0.7,0.25,0.2,0.52,110.0,4,jazz
534686932,Éternité,Jazzy Bazz,Nuit,695.439,206000,True,0.45,0.45,6,-10.0,1,0.04,0.7,0.25,0.2,0.52,110.0,4,jazz
2465911,Jazz (We've Got),A Tribe Called Quest,The Low End Theory,518.771,249000,True,0.45,0.45,6,-10.0,1,0.04,0.7,0.25,0.2,0.52,110.0,4,jazz
691864172,Jazz,Eva,Queen,587.145,198000,False,0.45,0.45,6,-10.0,1,0.04,0.7,0.25,0.2,0.52,110.0,4,jazz
909624282,Jazz,Mick Jenkins,The Water (S),368.424,260000,True,0.45,0.45,6,-10.0,1,0.04,0.7,0.25,0.2,0.52,110.0,4,jazz
3364614281,Morning Pour,Jazz & Coffee,Brewed Slow,374.642,221000,False,0.45,0.45,6,-10.0,1,0.04,0.7,0.25,0.2,0.52,110.0,4,jazz
1558479572,Classic But Not The Best,Jazz & Coffee,Coffee Table Jazz,372.746,133000,False,0.45,0.45,6,-10.0,1,0.04,0.7,0.25,0.2,0.52,110.0,4,jazz
3733561782,Warm Wood Tables,Jazz & Coffee,Where the Brew Breathes,396.455,151000,False,0.45,0.45,6,-10.0,1,0.04,0.7,0.25,0.2,0.52,110.0,4,jazz
3596201922,The Corner Booth,Jazz & Coffee,The Corner Booth,364.887,134000,False,0.45,0.45,6,-10.0,1,0.04,0.7,0.25,0.2,0.52,110.0,4,jazz
1558479612,All Out Of Beans,Jazz & Coffee,Coffee Table Jazz,352.34,122000,False,0.45,0.45,6,-10.0,1,0.04,0.7,0.25,0.2,0.52,110.0,4,jazz
1558479622,Call Your Bluff,Jazz & Coffee,Coffee Table Jazz,347.218,120000,False,0.45,0.45,6,-10.0,1,0.04,0.7,0.25,0.2,0.52,110.0,4,jazz
1558479602,Good News,Jazz & Coffee,Coffee Table Jazz,342.276,121000,False,0.45,0.45,6,-10.0,1,0.04,0.7,0.25,0.2,0.52,110.0,4,jazz
1558479652,"Jazz, Coffee & Tables",Jazz & Coffee,Coffee Table Jazz,357.358,160000,False,0.45,0.45,6,-10.0,1,0.04,0.7,0.25,0.2,0.52,110.0,4,jazz
3364614321,Low Conversation,Jazz & Coffee,Brewed Slow,346.369,239000,False,0.45,0.45,6,-10.0,1,0.04,0.7,0.25,0.2,0.52,110.0,4,jazz
1558479592,Lucky Escape,Jazz & Coffee,Coffee Table Jazz,352.43,122000,False,0.45,0.45,6,-10.0,1,0.04,0.7,0.25,0.2,0.52,110.0,4,jazz
3364614311,Second Cup,Jazz & Coffee,Brewed Slow,345.328,227000,False,0.45,0.45,6,-10.0,1,0.04,0.7,0.25,0.2,0.52,110.0,4,jazz
3615077902,Ceramic Line,Jazz & Coffee,Warm Silence,355.29,170000,False,0.45,0.45,6,-10.0,1,0.04,0.7,0.25,0.2,0.52,110.0,4,jazz
3561542421,Foam Drawings,Jazz & Coffee,Rain on the Awnings,339.193,149000,False,0.45,0.45,6,-10.0,1,0.04,0.7,0.25,0.2,0.52,110.0,4,jazz
1558479642,The Winner Is.....,Jazz & Coffee,Coffee Table Jazz,368.993,160000,False,0.45,0.45,6,-10.0,1,0.04,0.7,0.25,0.2,0.52,110.0,4,jazz
3364614301,Quiet Counter,Jazz & Coffee,Brewed Slow,330.261,222000,False,0.45,0.45,6,-10.0,1,0.04,0.7,0.25,0.2,0.52,110.0,4,jazz
1558479662,An Abstract Choice,Jazz & Coffee,Coffee Table Jazz,348.686,157000,False,0.45,0.45,6,-10.0,1,0.04,0.7,0.25,0.2,0.52,110.0,4,jazz
1558479582,You Live And Learn,Jazz & Coffee,Coffee Table Jazz,357.282,131000,False,0.45,0.45,6,-10.0,1,0.04,0.7,0.25,0.2,0.52,110.0,4,jazz
3561542491,Rain on the Awnings,Jazz & Coffee,Rain on the Awnings,348.659,232000,False,0.45,0.45,6,-10.0,1,0.04,0.7,0.25,0.2,0.52,110.0,4,jazz
3561542401,Pages and Cups,Jazz & Coffee,Rain on the Awnings,336.582,144000,False,0.45,0.45,6,-10.0,1,0.04,0.7,0.25,0.2,0.52,110.0,4,jazz
3561542431,Two Seats by the Window,Jazz & Coffee,Rain on the Awnings,336.425,195000,False,0.45,0.45,6,-10.0,1,0.04,0.7,0.25,0.2,0.52,110.0,4,jazz
1558479632,Wondering Alone,Jazz & Coffee,Coffee Table Jazz,344.32,87000,False,0.45,0.45,6,-10.0,1,0.04,0.7,0.25,0.2,0.52,110.0,4,jazz
3615077922,Table Pattern,Jazz & Coffee,Warm Silence,333.633,112000,False,0.45,0.45,6,-10.0,1,0.04,0.7,0.25,0.2,0.52,110.0,4,jazz
3561542411,Barista Notes,Jazz & Coffee,Rain on the Awnings,361.787,180000,False,0.45,0.45,6,-10.0,1,0.04,0.7,0.25,0.2,0.52,110.0,4,jazz
3596201992,Sketchbook Beside the Cup,Jazz & Coffee,The Corner Booth,313.91,130000,False,0.45,0.45,6,-10.0,1,0.04,0.7,0.25,0.2,0.52,110.0,4,jazz
3561542441,Receipt Printer Hums,Jazz & Coffee,Rain on the Awnings,341.237,64000,False,0.45,0.45,6,-10.0,1,0.04,0.7,0.25,0.2,0.52,110.0,4,jazz
3561542471,Cinnamon & Quiet,Jazz & Coffee,Rain on the Awnings,341.404,230000,False,0.45,0.45,6,-10.0,1,0.04,0.7,0.25,0.2,0.52,110.0,4,jazz
3615077912,Wooden Clock,Jazz & Coffee,Warm Silence,358.163,170000,False,0.45,0.45,6,-10.0,1,0.04,0.7,0.25,0.2,0.52,110.0,4,jazz
3733561832,Soft Jazz Cups,Jazz & Coffee,Where the Brew Breathes,367.88,118000,False,0.45,0.45,6,-10.0,1,0.04,0.7,0.25,0.2,0.52,110.0,4,jazz
3615077982,Rested Air,Jazz & Coffee,Warm Silence,334.817,142000,False,0.45,0.45,6,-10.0,1,0.04,0.7,0.25,0.2,0.52,110.0,4,jazz
3561542381,Afternoon Refill,Jazz & Coffee,Rain on the Awnings,349.002,189000,False,0.45,0.45,6,-10.0,1,0.04,0.7,0.25,0.2,0.52,110.0,4,jazz
3733561772,Golden Roast,Jazz & Coffee,Where the Brew Breathes,356.718,134000,False,0.45,0.45,6,-10.0,1,0.04,0.7,0.25,0.2,0.52,110.0,4,jazz
3596201962,Table for One,Jazz & Coffee,The Corner Booth,357.49,110000,False,0.45,0.45,6,-10.0,1,0.04,0.7,0.25,0.2,0.52,110.0,4,jazz
3596201932,Rain on the Window,Jazz & Coffee,The Corner Booth,327.223,180000,False,0.45,0.45,6,-10.0,1,0.04,0.7,0.25,0.2,0.52,110.0,4,jazz
3615077942,Open Window,Jazz & Coffee,Warm Silence,326.257,193000,False,0.45,0.45,6,-10.0,1,0.04,0.7,0.25,0.2,0.52,110.0,4,jazz
3733561822,Steamed Milk Skies,Jazz & Coffee,Where the Brew Breathes,331.345,187000,False,0.45,0.45,6,-10.0,1,0.04,0.7,0.25,0.2,0.52,110.0,4,jazz
3364614291,Window Steam,Jazz & Coffee,Brewed Slow,312.195,193000,False,0.45,0.45,6,-10.0,1,0.04,0.7,0.25,0.2,0.52,110.0,4,jazz
1557235202,Albiceleste,Jazzy Bazz,Memoria,718.078,228000,True,0.45,0.45,6,-10.0,1,0.04,0.7,0.25,0.2,0.52,110.0,4,jazz
3596202012,Empty Chair Beside You,Jazz & Coffee,The Corner Booth,304.958,108000,False,0.45,0.45,6,-10.0,1,0.04,0.7,0.25,0.2,0.52,110.0,4,jazz
3561559251,Open at Seven,Jazz & Coffee,Open at Seven,322.207,184000,False,0.45,0.45,6,-10.0,1,0.04,0.7,0.25,0.2,0.52,110.0,4,jazz
3596202002,Keys on the Counter,Jazz & Coffee,The Corner Booth,322.106,184000,False,0.45,0.45,6,-10.0,1,0.04,0.7,0.25,0.2,0.52,110.0,4,jazz
3561557731,Bar Stool Shadows,Jazz & Coffee,After Hours at the Café,291.482,218000,False,0.45,0.45,6,-10.0,1,0.04,0.7,0.25,0.2,0.52,110.0,4,jazz
3596201952,Brown Sugar Eyes,Jazz & Coffee,The Corner Booth,321.55,213000,False,0.45,0.45,6,-10.0,1,0.04,0.7,0.25,0.2,0.52,110.0,4,jazz
3561542481,Counterside Daydream,Jazz & Coffee,Rain on the Awnings,325.256,184000,False,0.45,0.45,6,-10.0,1,0.04,0.7,0.25,0.2,0.52,110.0,4,jazz
3596201942,Ink on the Menu,Jazz & Coffee,The Corner Booth,335.079,169000,False,0.45,0.45,6,-10.0,1,0.04,0.7,0.25,0.2,0.52,110.0,4,jazz
3733561842,Coffee on Repeat,Jazz & Coffee,Where the Brew Breathes,319.508,151000,False,0.45,0.45,6,-10.0,1,0.04,0.7,0.25,0.2,0.52,110.0,4,jazz
3596201982,Folded Napkin,Jazz & Coffee,The Corner Booth,293.567,183000,False,0.45,0.45,6,-10.0,1,0.04,0.7,0.25,0.2,0.52,110.0,4,jazz
3733561862,Distant Chatter,Jazz & Coffee,Where the Brew Breathes,318.758,156000,False,0.45,0.45,6,-10.0,1,0.04,0.7,0.25,0.2,0.52,110.0,4,jazz
3733561792,Quiet Corner Jazz,Jazz & Coffee,Where the Brew Breathes,323.536,140000,False,0.45,0.45,6,-10.0,1,0.04,0.7,0.25,0.2,0.52,110.0,4,jazz
3733561802,Half Empty Mug,Jazz & Coffee,Where the Brew Breathes,321.476,236000,False,0.45,0.45,6,-10.0,1,0.04,0.7,0.25,0.2,0.52,110.0,4,jazz
3733561812,Coffee & Vinyl,Jazz & Coffee,Where the Brew Breathes,317.757,136000,False,0.45,0.45,6,-10.0,1,0.04,0.7,0.25,0.2,0.52,110.0,4,jazz
423576742,J.A.Z.Z (Kiffez l'âme),MC Solaar,Géopoétique,306.607,171000,False,0.45,0.45,6,-10.0,1,0.04,0.7,0.25,0.2,0.52,110.0,4,jazz
3364614331,Stirring Gently,Jazz & Coffee,Brewed Slow,313.613,235000,False,0.45,0.45,6,-10.0,1,0.04,0.7,0.25,0.2,0.52,110.0,4,jazz
3561542461,Umbrellas at the Door,Jazz & Coffee,Rain on the Awnings,306.837,162000,False,0.45,0.45,6,-10.0,1,0.04,0.7,0.25,0.2,0.52,110.0,4,jazz
3596202022,A Quiet Smile,Jazz & Coffee,The Corner Booth,288.356,162000,False,0.45,0.45,6,-10.0,1,0.04,0.7,0.25,0.2,0.52,110.0,4,jazz
3561557691,Lights Down Low,Jazz & Coffee,After Hours at the Café,314.084,281000,False,0.45,0.45,6,-10.0,1,0.04,0.7,0.25,0.2,0.52,110.0,4,jazz
3733561882,Gentle Wake,Jazz & Coffee,Where the Brew Breathes,317.885,147000,False,0.45,0.45,6,-10.0,1,0.04,0.7,0.25,0.2,0.52,110.0,4,jazz
3364614371,Half Full,Jazz & Coffee,Brewed Slow,335.809,218000,False,0.45,0.45,6,-10.0,1,0.04,0.7,0.25,0.2,0.52,110.0,4,jazz
3615077932,Half Light,Jazz & Coffee,Warm Silence,316.274,108000,False,0.45,0.45,6,-10.0,1,0.04,0.7,0.25,0.2,0.52,110.0,4,jazz
3002589421,Wine-Drenched Dreams,Jazz & Wine,Do You Want Some Wine,308.424,201000,False,0.45,0.45,6,-10.0,1,0.04,0.7,0.25,0.2,0.52,110.0,4,jazz
3561557671,Sign Flips to Closed,Jazz & Coffee,After Hours at the Café,299.761,134000,False,0.45,0.45,6,-10.0,1,0.04,0.7,0.25,0.2,0.52,110.0,4,jazz
3615077972,Soft Measure,Jazz & Coffee,Warm Silence,312.332,151000,False,0.45,0.45,6,-10.0,1,0.04,0.7,0.25,0.2,0.52,110.0,4,jazz
3561559291,Porcelain Rings,Jazz & Coffee,Open at Seven,301.841,162000,False,0.45,0.45,6,-10.0,1,0.04,0.7,0.25,0.2,0.52,110.0,4,jazz
3561557741,Windows,Jazz & Coffee,After Hours at the Café,305.671,237000,False,0.45,0.45,6,-10.0,1,0.04,0.7,0.25,0.2,0.52,110.0,4,jazz
3561557711,Quiet Sweep,Jazz & Coffee,After Hours at the Café,297.422,233000,False,0.45,0.45,6,-10.0,1,0.04,0.7,0.25,0.2,0.52,110.0,4,jazz
3002589351,Savoring a Rare Wine,Jazz & Wine,Do You Want Some Wine,302.909,240000,False,0.45,0.45,6,-10.0,1,0.04,0.7,0.25,0.2,0.52,110.0,4,jazz
3199756741,On Your Own,Jazz & Coffee,From the Kitchen Table,277.165,128000,False,0.45,0.45,6,-10.0,1,0.04,0.7,0.25,0.2,0.52,110.0,4,jazz
3561559301,Notebook & Saucer,Jazz & Coffee,Open at Seven,329.512,201000,False,0.45,0.45,6,-10.0,1,0.04,0.7,0.25,0.2,0.52,110.0,4,jazz
3561557721,Stack the Cups,Jazz & Coffee,After Hours at the Café,308.312,277000,False,0.45,0.45,6,-10.0,1,0.04,0.7,0.25,0.2,0.52,110.0,4,jazz
3615078002,Familiar Shape,Jazz & Coffee,Warm Silence,296.682,130000,False,0.45,0.45,6,-10.0,1,0.04,0.7,0.25,0.2,0.52,110.0,4,jazz
3364614341,Worn Mug,Jazz & Coffee,Brewed Slow,320.704,184000,False,0.45,0.45,6,-10.0,1,0.04,0.7,0.25,0.2,0.52,110.0,4,jazz
3561557701,Keys on the Hook,Jazz & Coffee,After Hours at the Café,316.253,203000,False,0.45,0.45,6,-10.0,1,0.04,0.7,0.25,0.2,0.52,110.0,4,jazz
3561557761,After Hours at the Café,Jazz & Coffee,After Hours at the Café,308.06,222000,False,0.45,0.45,6,-10.0,1,0.04,0.7,0.25,0.2,0.52,110.0,4,jazz
3561557681,Last Cup for the Road,Jazz & Coffee,After Hours at the Café,304.695,281000,False,0.45,0.45,6,-10.0,1,0.04,0.7,0.25,0.2,0.52,110.0,4,jazz
3455905571,The Coffee Collection,Jazz & Coffee,The Coffee Collection,292.089,120000,False,0.45,0.45,6,-10.0,1,0.04,0.7,0.25,0.2,0.52,110.0,4,jazz
3455905561,Brewing in Bossa,Jazz & Coffee,The Coffee Collection,292.969,136000,False,0.45,0.45,6,-10.0,1,0.04,0.7,0.25,0.2,0.52,110.0,4,jazz
3334896171,Waiting On The Post,Jazz & Coffee,Toothpick Waltz,307.731,155000,False,0.45,0.45,6,-10.0,1,0.04,0.7,0.25,0.2,0.52,110.0,4,jazz
3334896201,Inside,Jazz & Coffee,Toothpick Waltz,307.989,138000,False,0.45,0.45,6,-10.0,1,0.04,0.7,0.25,0.2,0.52,110.0,4,jazz
3364614351,Table for One,Jazz & Coffee,Brewed Slow,304.285,207000,False,0.45,0.45,6,-10.0,1,0.04,0.7,0.25,0.2,0.52,110.0,4,jazz
3364614361,Beans and Blues,Jazz & Coffee,Brewed Slow,316.526,259000,False,0.45,0.45,6,-10.0,1,0.04,0.7,0.25,0.2,0.52,110.0,4,jazz
3002589391,Roses Remembered,Jazz & Wine,Do You Want Some Wine,276.225,184000,False,0.45,0.45,6,-10.0,1,0.04,0.7,0.25,0.2,0.52,110.0,4,jazz
3334896211,The Last Dance,Jazz & Coffee,Toothpick Waltz,279.182,128000,False,0.45,0.45,6,-10.0,1,0.04,0.7,0.25,0.2,0.52,110.0,4,jazz
3455905471,Morning Pour,Jazz & Coffee,The Coffee Collection,301.905,128000,False,0.45,0.45,6,-10.0,1,0.04,0.7,0.25,0.2,0.52,110.0,4,jazz
3455905521,Café Window Swing,Jazz & Coffee,The Coffee Collection,306.389,95000,False,0.45,0.45,6,-10.0,1,0.04,0.7,0.25,0.2,0.52,110.0,4,jazz
3561557751,Till Counts Softly,Jazz & Coffee,After Hours at the Café,262.553,224000,False,0.45,0.45,6,-10.0,1,0.04,0.7,0.25,0.2,0.52,110.0,4,jazz
3455905531,Steam in the Silence,Jazz & Coffee,The Coffee Collection,288.916,128000,False,0.45,0.45,6,-10.0,1,0.04,0.7,0.25,0.2,0.52,110.0,4,jazz
3057011701,Least Of Your Problems,Jazz & Coffee,Chilled Vibes Only,304.733,128000,False,0.45,0.45,6,-10.0,1,0.04,0.7,0.25,0.2,0.52,110.0,4,jazz
3335277391,Hands Around The Coffee Cup,Jazz & Coffee,How the Faucet Sings,256.072,118000,False,0.45,0.45,6,-10.0,1,0.04,0.7,0.25,0.2,0.52,110.0,4,jazz
3561559331,Soft Start to the Day,Jazz & Coffee,Open at Seven,261.467,254000,False,0.45,0.45,6,-10.0,1,0.04,0.7,0.25,0.2,0.52,110.0,4,jazz
3079405381,Behind Closed Eyes,Jazz & Coffee,Coffee in the Morning,267.928,135000,False,0.45,0.45,6,-10.0,1,0.04,0.7,0.25,0.2,0.52,110.0,4,jazz
3561559241,First Cup Quiet,Jazz & Coffee,Open at Seven,282.365,193000,False,0.45,0.45,6,-10.0,1,0.04,0.7,0.25,0.2,0.52,110.0,4,jazz
3079405311,Wait and See,Jazz & Coffee,Coffee in the Morning,253.417,163000,False,0.45,0.45,6,-10.0,1,0.04,0.7,0.25,0.2,0.52,110.0,4,jazz
3561559261,Warm Lamp Corner,Jazz & Coffee,Open at Seven,287.995,158000,False,0.45,0.45,6,-10.0,1,0.04,0.7,0.25,0.2,0.52,110.0,4,jazz
3455905541,Ceramic Waltz,Jazz & Coffee,The Coffee Collection,269.378,96000,False,0.45,0.45,6,-10.0,1,0.04,0.7,0.25,0.2,0.52,110.0,4,jazz
3455905481,Mugs & Melodies,Jazz & Coffee,The Coffee Collection,302.469,135000,False,0.45,0.45,6,-10.0,1,0.04,0.7,0.25,0.2,0.52,110.0,4,jazz
3561559321,Turntable by the Till,Jazz & Coffee,Open at Seven,272.601,109000,False,0.45,0.45,6,-10.0,1,0.04,0.7,0.25,0.2,0.52,110.0,4,jazz
3561559311,"Low Voices, Slow Pour",Jazz & Coffee,Open at Seven,289.73,178000,False,0.45,0.45,6,-10.0,1,0.04,0.7,0.25,0.2,0.52,110.0,4,jazz
3455905511,Filtered Blues,Jazz & Coffee,The Coffee Collection,272.843,96000,False,0.45,0.45,6,-10.0,1,0.04,0.7,0.25,0.2,0.52,110.0,4,jazz
3561559271,Sugar Jar Stories,Jazz & Coffee,Open at Seven,281.1,212000,False,0.45,0.45,6,-10.0,1,0.04,0.7,0.25,0.2,0.52,110.0,4,jazz
3002589401,Moonlit Toast,Jazz & Wine,Do You Want Some Wine,285.615,189000,False,0.45,0.45,6,-10.0,1,0.04,0.7,0.25,0.2,0.52,110.0,4,jazz
3561559281,Steam on the Counter,Jazz & Coffee,Open at Seven,285.351,199000,False,0.45,0.45,6,-10.0,1,0.04,0.7,0.25,0.2,0.52,110.0,4,jazz
3002589431,"Starry Wine, Tender Words",Jazz & Wine,Do You Want Some Wine,273.72,247000,False,0.45,0.45,6,-10.0,1,0.04,0.7,0.25,0.2,0.52,110.0,4,jazz
3079405331,Free Fall,Jazz & Coffee,Coffee in the Morning,259.814,120000,False,0.45,0.45,6,-10.0,1,0.04,0.7,0.25,0.2,0.52,110.0,4,jazz
3455905551,Midday Mocha,Jazz & Coffee,The Coffee Collection,262.404,120000,False,0.45,0.45,6,-10.0,1,0.04,0.7,0.25,0.2,0.52,110.0,4,jazz
3455905501,Light Roast Lullaby,Jazz & Coffee,The Coffee Collection,253.953,157000,False,0.45,0.45,6,-10.0,1,0.04,0.7,0.25,0.2,0.52,110.0,4,jazz
1480126962,Jazz,The Fumes,Bloodless,227.305,262000,False,0.45,0.45,6,-10.0,1,0.04,0.7,0.25,0.2,0.52,110.0,4,jazz
3559827121,Le Jazz,Jo Paciello,Le Jazz,266.235,234000,False,0.45,0.45,6,-10.0,1,0.04,0.7,0.25,0.2,0.52,110.0,4,jazz
3953166061,Le Jazz,Gaetan Nonchalant,Le Jazz,251.211,211000,False,0.45,0.45,6,-10.0,1,0.04,0.7,0.25,0.2,0.52,110.0,4,jazz
1985669737,Jazz,Lil Double 0,Walk Down World,186.9,152000,True,0.45,0.45,6,-10.0,1,0.04,0.7,0.25,0.2,0.52,110.0,4,jazz
3002589371,Sip and Reflect,Jazz & Wine,Do You Want Some Wine,217.76,214000,False,0.45,0.45,6,-10.0,1,0.04,0.7,0.25,0.2,0.52,110.0,4,jazz
1456241612,Hoppy Swing,Jazz & Bossa Mood Cafe,Jazz & Bossa Instrumentals,208.906,252000,False,0.45,0.45,6,-10.0,1,0.04,0.7,0.25,0.2,0.52,110.0,4,jazz
992885332,"Jazz & Coffee, Pt. 4 (feat. DJ Million Faces)",Kid Abstrakt,Jazzy Vibes,208.453,181000,False,0.45,0.45,6,-10.0,1,0.04,0.7,0.25,0.2,0.52,110.0,4,jazz
3596207622,The Waiting Line,Jazz & Coffee,The Daily Brew,106.109,177000,False,0.45,0.45,6,-10.0,1,0.04,0.7,0.25,0.2,0.52,110.0,4,jazz
1456241672,Saxophone Solo,Jazz & Bossa Mood Cafe,Jazz & Bossa Instrumentals,205.787,288000,False,0.45,0.45,6,-10.0,1,0.04,0.7,0.25,0.2,0.52,110.0,4,jazz
1456241682,Bossa in Style,Jazz & Bossa Mood Cafe,Jazz & Bossa Instrumentals,203.735,203000,False,0.45,0.45,6,-10.0,1,0.04,0.7,0.25,0.2,0.52,110.0,4,jazz
3870350151,On A Wave,East End Dubs,On A Wave,711.275,199000,False,0.45,0.45,6,-10.0,1,0.04,0.7,0.25,0.2,0.52,110.0,4,jazz
1326760742,Festive Music for Visions,Jazz & Guitar Lounge,Spacious Background Music for Work from Home,200.461,123000,False,0.45,0.45,6,-10.0,1,0.04,0.7,0.25,0.2,0.52,110.0,4,jazz
3596207642,Sugar Packet Notes,Jazz & Coffee,The Daily Brew,42.06,95000,False,0.45,0.45,6,-10.0,1,0.04,0.7,0.25,0.2,0.52,110.0,4,jazz
1326760812,Serene Jazz Guitar Trio - Vibe for Working at Home,Jazz & Guitar Lounge,Spacious Background Music for Work from Home,199.786,125000,False,0.45,0.45,6,-10.0,1,0.04,0.7,0.25,0.2,0.52,110.0,4,jazz
3891744261,Vol de nuit,Sheldon,Vol de nuit,682.0,180000,True,0.45,0.45,6,-10.0,1,0.04,0.7,0.25,0.2,0.52,110.0,4,jazz
1326760772,Trio Jazz Soundtrack for Studying at Home,Jazz & Guitar Lounge,Spacious Background Music for Work from Home,197.8,118000,False,0.45,0.45,6,-10.0,1,0.04,0.7,0.25,0.2,0.52,110.0,4,jazz
3079405401,Weighed Down,Jazz & Coffee,Coffee in the Morning,197.353,128000,False,0.45,0.45,6,-10.0,1,0.04,0.7,0.25,0.2,0.52,110.0,4,jazz
3002589441,Sweetheart Soirée,Jazz & Wine,Do You Want Some Wine,202.659,230000,False,0.45,0.45,6,-10.0,1,0.04,0.7,0.25,0.2,0.52,110.0,4,jazz
1326803592,Energetic Ambiance for Study TIme,Jazz & Guitar Lounge,Jazz Trio - Ambiance for Working,174.676,133000,False,0.45,0.45,6,-10.0,1,0.04,0.7,0.25,0.2,0.52,110.0,4,jazz
1456241632,Relaxed Bossa,Jazz & Bossa Mood Cafe,Jazz & Bossa Instrumentals,186.92,208000,False,0.45,0.45,6,-10.0,1,0.04,0.7,0.25,0.2,0.52,110.0,4,jazz
3002589361,Beauty in Their Expression,Jazz & Wine,Do You Want Some Wine,186.301,247000,False,0.45,0.45,6,-10.0,1,0.04,0.7,0.25,0.2,0.52,110.0,4,jazz
1326760642,Delightful Music for Study TIme,Jazz & Guitar Lounge,Music for Working (Guitar),176.238,130000,False,0.45,0.45,6,-10.0,1,0.04,0.7,0.25,0.2,0.52,110.0,4,jazz
3002589411,Rose Garden Rendezvous,Jazz & Wine,Do You Want Some Wine,219.077,214000,False,0.45,0.45,6,-10.0,1,0.04,0.7,0.25,0.2,0.52,110.0,4,jazz
1326760712,Subtle Jazz Guitar Trio - Vibe for Study TIme,Jazz & Guitar Lounge,Music for Working (Guitar),162.0,108000,False,0.45,0.45,6,-10.0,1,0.04,0.7,0.25,0.2,0.52,110.0,4,jazz
12209331,Don't Stop Me Now (Remastered 2011),Queen,Jazz (2011 Remaster),949.599,212000,False,0.45,0.45,6,-10.0,1,0.04,0.7,0.25,0.2,0.52,110.0,4,jazz
3615077992,Cup Reflection,Jazz & Coffee,Warm Silence,335.01,149000,False,0.45,0.45,6,-10.0,1,0.04,0.7,0.25,0.2,0.52,110.0,4,jazz
3615077952,Small Routine,Jazz & Coffee,Warm Silence,336.01,143000,False,0.45,0.45,6,-10.0,1,0.04,0.7,0.25,0.2,0.52,110.0,4,jazz
3615071922,Quiet Desk,Jazz & Coffee,Predictions,292.322,247000,False,0.45,0.45,6,-10.0,1,0.04,0.7,0.25,0.2,0.52,110.0,4,jazz
12209322,Jealousy (Remastered 2011),Queen,Jazz (2011 Remaster),449.913,194000,False,0.45,0.45,6,-10.0,1,0.04,0.7,0.25,0.2,0.52,110.0,4,jazz
12274759,Fat Bottomed Girls (2011 Remaster),Queen,Jazz (Deluxe Edition 2011 Remaster),495.265,255000,False,0.45,0.45,6,-10.0,1,0.04,0.7,0.25,0.2,0.52,110.0,4,jazz
12209328,Dreamer's Ball (Remastered 2011),Queen,Jazz (2011 Remaster),422.399,211000,False,0.45,0.45,6,-10.0,1,0.04,0.7,0.25,0.2,0.52,110.0,4,jazz
1456241642,Chilled Funk,Jazz & Bossa Mood Cafe,Jazz & Bossa Instrumentals,179.148,230000,False,0.45,0.45,6,-10.0,1,0.04,0.7,0.25,0.2,0.52,110.0,4,jazz
1148590,Fool That I Am,Etta James,Jazz,402.326,178000,False,0.45,0.45,6,-10.0,1,0.04,0.7,0.25,0.2,0.52,110.0,4,jazz
12209320,Mustapha (Remastered 2011),Queen,Jazz (2011 Remaster),315.899,182000,False,0.45,0.45,6,-10.0,1,0.04,0.7,0.25,0.2,0.52,110.0,4,jazz
1456241652,Sensual Swing,Jazz & Bossa Mood Cafe,Jazz & Bossa Instrumentals,185.466,288000,False,0.45,0.45,6,-10.0,1,0.04,0.7,0.25,0.2,0.52,110.0,4,jazz
14495888,Big Bad Bill Is Sweet William Now,Ry Cooder,Jazz,334.789,216000,False,0.45,0.45,6,-10.0,1,0.04,0.7,0.25,0.2,0.52,110.0,4,jazz
12274761,Bicycle Race (Remastered 2011),Queen,Jazz (Deluxe Edition 2011 Remaster),373.084,184000,False,0.45,0.45,6,-10.0,1,0.04,0.7,0.25,0.2,0.52,110.0,4,jazz
14495889,Face to Face That I Shall Meet Him,Ry Cooder,Jazz,319.849,201000,False,0.45,0.45,6,-10.0,1,0.04,0.7,0.25,0.2,0.52,110.0,4,jazz
1148599,Misty,Etta James,Jazz,363.277,192000,False,0.45,0.45,6,-10.0,1,0.04,0.7,0.25,0.2,0.52,110.0,4,jazz
1326803422,Background for Work from Home,Jazz & Guitar Lounge,Guitar Solo (Music for Work from Home),140.012,129000,False,0.45,0.45,6,-10.0,1,0.04,0.7,0.25,0.2,0.52,110.0,4,jazz
14495890,The Pearls / Tia Juana,Ry Cooder,Jazz,305.516,261000,False,0.45,0.45,6,-10.0,1,0.04,0.7,0.25,0.2,0.52,110.0,4,jazz
1326760252,Breathtaking Backdrops for Studying at Home,Jazz & Guitar Lounge,Feelings for Work from Home,183.627,139000,False,0.45,0.45,6,-10.0,1,0.04,0.7,0.25,0.2,0.52,110.0,4,jazz
12209326,Dead On Time (Remastered 2011),Queen,Jazz (2011 Remaster),282.444,204000,False,0.45,0.45,6,-10.0,1,0.04,0.7,0.25,0.2,0.52,110.0,4,jazz
14495891,The Dream,Ry Cooder,Jazz,323.761,306000,False,0.45,0.45,6,-10.0,1,0.04,0.7,0.25,0.2,0.52,110.0,4,jazz
1148293,All The Way,James Brown,Jazz,317.303,221000,False,0.45,0.45,6,-10.0,1,0.04,0.7,0.25,0.2,0.52,110.0,4,jazz
432145312,Jazz,The Durutti Column,The Return of The Durutti Column,164.37,99000,False,0.45,0.45,6,-10.0,1,0.04,0.7,0.25,0.2,0.52,110.0,4,jazz
1326760262,Background for Working,Jazz & Guitar Lounge,Feelings for Work from Home,179.33,115000,False,0.45,0.45,6,-10.0,1,0.04,0.7,0.25,0.2,0.52,110.0,4,jazz
1326804402,Brilliant Music for Deep Focus,Jazz & Guitar Lounge,Mind-blowing Jazz Trio - Background for Studying at Home,119.397,144000,False,0.45,0.45,6,-10.0,1,0.04,0.7,0.25,0.2,0.52,110.0,4,jazz
1326760292,Heavenly Deep Focus,Jazz & Guitar Lounge,Feelings for Work from Home,126.933,110000,False,0.45,0.45,6,-10.0,1,0.04,0.7,0.25,0.2,0.52,110.0,4,jazz
1326760282,Extraordinary Working at Home,Jazz & Guitar Lounge,Feelings for Work from Home,156.215,115000,False,0.45,0.45,6,-10.0,1,0.04,0.7,0.25,0.2,0.52,110.0,4,jazz
1326760312,Unique Jazz Guitar Trio - Vibe for Study TIme,Jazz & Guitar Lounge,Feelings for Work from Home,119.587,146000,False,0.45,0.45,6,-10.0,1,0.04,0.7,0.25,0.2,0.52,110.0,4,jazz
1326804462,Magnificent Moods for Working at Home,Jazz & Guitar Lounge,Mind-blowing Jazz Trio - Background for Studying at Home,145.181,139000,False,0.45,0.45,6,-10.0,1,0.04,0.7,0.25,0.2,0.52,110.0,4,jazz
1326760332,Carefree Ambiance for Work from Home,Jazz & Guitar Lounge,Feelings for Work from Home,132.026,127000,False,0.45,0.45,6,-10.0,1,0.04,0.7,0.25,0.2,0.52,110.0,4,jazz
1326803492,Sumptuous Ambiance for Studying at Home,Jazz & Guitar Lounge,Guitar Solo (Music for Work from Home),139.804,120000,False,0.45,0.45,6,-10.0,1,0.04,0.7,0.25,0.2,0.52,110.0,4,jazz
1326760802,Laid-back Moods for Deep Focus,Jazz & Guitar Lounge,Spacious Background Music for Work from Home,199.563,144000,False,0.45,0.45,6,-10.0,1,0.04,0.7,0.25,0.2,0.52,110.0,4,jazz
1326803482,Awesome Ambience for Study TIme,Jazz & Guitar Lounge,Guitar Solo (Music for Work from Home),152.641,141000,False,0.45,0.45,6,-10.0,1,0.04,0.7,0.25,0.2,0.52,110.0,4,jazz
1326760752,Pulsating Backdrops for Studying at Home,Jazz & Guitar Lounge,Spacious Background Music for Work from Home,200.468,125000,False,0.45,0.45,6,-10.0,1,0.04,0.7,0.25,0.2,0.52,110.0,4,jazz
1326803402,Fiery Music for Vision,Jazz & Guitar Lounge,Guitar Solo (Music for Work from Home),112.853,141000,False,0.45,0.45,6,-10.0,1,0.04,0.7,0.25,0.2,0.52,110.0,4,jazz
1456241592,Slow Jazz,Jazz & Bossa Mood Cafe,Jazz & Bossa Instrumentals,177.181,356000,False,0.45,0.45,6,-10.0,1,0.04,0.7,0.25,0.2,0.52,110.0,4,jazz
1326804432,Trio Jazz Soundtrack for Working,Jazz & Guitar Lounge,Mind-blowing Jazz Trio - Background for Studying at Home,109.713,133000,False,0.45,0.45,6,-10.0,1,0.04,0.7,0.25,0.2,0.52,110.0,4,jazz
1326803452,Hypnotic Working,Jazz & Guitar Lounge,Guitar Solo (Music for Work from Home),122.135,127000,False,0.45,0.45,6,-10.0,1,0.04,0.7,0.25,0.2,0.52,110.0,4,jazz
3002589381,Words in Bloom,Jazz & Wine,Do You Want Some Wine,174.628,201000,False,0.45,0.45,6,-10.0,1,0.04,0.7,0.25,0.2,0.52,110.0,4,jazz
1326760832,Cultured Ambiance for Studying at Home,Jazz & Guitar Lounge,Spacious Background Music for Work from Home,198.917,120000,False,0.45,0.45,6,-10.0,1,0.04,0.7,0.25,0.2,0.52,110.0,4,jazz
1326760762,Background for Working at Home,Jazz & Guitar Lounge,Spacious Background Music for Work from Home,215.112,118000,False,0.45,0.45,6,-10.0,1,0.04,0.7,0.25,0.2,0.52,110.0,4,jazz
1326760782,Simple Working,Jazz & Guitar Lounge,Spacious Background Music for Work from Home,197.8,148000,False,0.45,0.45,6,-10.0,1,0.04,0.7,0.25,0.2,0.52,110.0,4,jazz
1326804482,Successful Ambience for Study TIme,Jazz & Guitar Lounge,Mind-blowing Jazz Trio - Background for Studying at Home,135.353,139000,False,0.45,0.45,6,-10.0,1,0.04,0.7,0.25,0.2,0.52,110.0,4,jazz
488793442,Jazz,Physics,First Flight,124.563,407000,False,0.45,0.45,6,-10.0,1,0.04,0.7,0.25,0.2,0.52,110.0,4,jazz
1326803462,Relaxed Moods for Studying at Home,Jazz & Guitar Lounge,Guitar Solo (Music for Work from Home),154.933,115000,False,0.45,0.45,6,-10.0,1,0.04,0.7,0.25,0.2,0.52,110.0,4,jazz
1456241602,Cocktail Bar Piano,Jazz & Bossa Mood Cafe,Jazz & Bossa Instrumentals,196.938,416000,False,0.45,0.45,6,-10.0,1,0.04,0.7,0.25,0.2,0.52,110.0,4,jazz
2011912357,Jazz,YOÙN,BXD IN JAZZ,144.776,234000,False,0.45,0.45,6,-10.0,1,0.04,0.7,0.25,0.2,0.52,110.0,4,jazz
1326804452,Outstanding Studying at Home,Jazz & Guitar Lounge,Mind-blowing Jazz Trio - Background for Studying at Home,141.766,116000,False,0.45,0.45,6,-10.0,1,0.04,0.7,0.25,0.2,0.52,110.0,4,jazz
1326760822,Exciting Ambience for Studying at Home,Jazz & Guitar Lounge,Spacious Background Music for Work from Home,194.239,135000,False,0.45,0.45,6,-10.0,1,0.04,0.7,0.25,0.2,0.52,110.0,4,jazz
1760869807,Jazz,Glad2Mecha,Hello',86.973,225000,True,0.45,0.45,6,-10.0,1,0.04,0.7,0.25,0.2,0.52,110.0,4,jazz
1504424402,Manhattan Jazz,Jazz,New York Jazz Piano,210.104,178000,False,0.45,0.45,6,-10.0,1,0.04,0.7,0.25,0.2,0.52,110.0,4,jazz
1456241622,Sophisticated Bossa,Jazz & Bossa Mood Cafe,Jazz & Bossa Instrumentals,158.219,261000,False,0.45,0.45,6,-10.0,1,0.04,0.7,0.25,0.2,0.52,110.0,4,jazz
1456241662,Swinging Smoothly,Jazz & Bossa Mood Cafe,Jazz & Bossa Instrumentals,175.839,288000,False,0.45,0.45,6,-10.0,1,0.04,0.7,0.25,0.2,0.52,110.0,4,jazz
530512011,Jazz,Détente & Relaxation & Musique pour l'Étude Spécialiste,"Une playlist à écouter au bureau – Musique chillout pour avoir effets positifs sur le cerveau au boulot, vie de bureau, musique mo",172.291,214000,False,0.45,0.45,6,-10.0,1,0.04,0.7,0.25,0.2,0.52,110.0,4,jazz
3596206802,Faded Menu,Jazz & Coffee,Two Empty Seats,152.665,180000,False,0.45,0.45,6,-10.0,1,0.04,0.7,0.25,0.2,0.52,110.0,4,jazz
1326760652,Simple Backdrops for Working at Home,Jazz & Guitar Lounge,Music for Working (Guitar),166.998,108000,False,0.45,0.45,6,-10.0,1,0.04,0.7,0.25,0.2,0.52,110.0,4,jazz
3596206792,Two Empty Seats,Jazz & Coffee,Two Empty Seats,151.236,162000,False,0.45,0.45,6,-10.0,1,0.04,0.7,0.25,0.2,0.52,110.0,4,jazz
13163050,Jazz (We've Got) (Re-Recording),A Tribe Called Quest,The Love Movement,150.121,259000,True,0.45,0.45,6,-10.0,1,0.04,0.7,0.25,0.2,0.52,110.0,4,jazz
1326803502,Vibrant Music for Vision,Jazz & Guitar Lounge,Jazz Trio - Ambiance for Working,197.243,112000,False,0.45,0.45,6,-10.0,1,0.04,0.7,0.25,0.2,0.52,110.0,4,jazz
3615071932,The Waiting Chair,Jazz & Coffee,Predictions,218.056,209000,False,0.45,0.45,6,-10.0,1,0.04,0.7,0.25,0.2,0.52,110.0,4,jazz
1504424522,Empire State Building,Jazz,New York Jazz Piano,209.683,187000,False,0.45,0.45,6,-10.0,1,0.04,0.7,0.25,0.2,0.52,110.0,4,jazz
3858863,Jazz,Mike Oldfield,Tubular Bells 2003,145.998,48000,False,0.45,0.45,6,-10.0,1,0.04,0.7,0.25,0.2,0.52,110.0,4,jazz
1326760732,Unique Ambiance for Studying at Home,Jazz & Guitar Lounge,Music for Working (Guitar),180.593,137000,False,0.45,0.45,6,-10.0,1,0.04,0.7,0.25,0.2,0.52,110.0,4,jazz
996562972,Bar Time,Jazz & Lounge,Bar Time,160.192,278000,False,0.45,0.45,6,-10.0,1,0.04,0.7,0.25,0.2,0.52,110.0,4,jazz
1326760702,Bubbly Moods for Deep Focus,Jazz & Guitar Lounge,Music for Working (Guitar),197.685,115000,False,0.45,0.45,6,-10.0,1,0.04,0.7,0.25,0.2,0.52,110.0,4,jazz
1326760272,Trio Jazz Soundtrack for Work from Home,Jazz & Guitar Lounge,Feelings for Work from Home,125.593,120000,False,0.45,0.45,6,-10.0,1,0.04,0.7,0.25,0.2,0.52,110.0,4,jazz
1326760792,Outstanding Studying at Home,Jazz & Guitar Lounge,Spacious Background Music for Work from Home,178.608,127000,False,0.45,0.45,6,-10.0,1,0.04,0.7,0.25,0.2,0.52,110.0,4,jazz
1326803532,Trio Jazz Soundtrack for Working at Home,Jazz & Guitar Lounge,Jazz Trio - Ambiance for Working,144.576,154000,False,0.45,0.45,6,-10.0,1,0.04,0.7,0.25,0.2,0.52,110.0,4,jazz
1326760682,Dream Like Working at Home,Jazz & Guitar Lounge,Music for Working (Guitar),194.979,120000,False,0.45,0.45,6,-10.0,1,0.04,0.7,0.25,0.2,0.52,110.0,4,jazz
1326760692,Magical Studying at Home,Jazz & Guitar Lounge,Music for Working (Guitar),157.449,108000,False,0.45,0.45,6,-10.0,1,0.04,0.7,0.25,0.2,0.52,110.0,4,jazz
1326760662,Background for Studying at Home,Jazz & Guitar Lounge,Music for Working (Guitar),173.094,135000,False,0.45,0.45,6,-10.0,1,0.04,0.7,0.25,0.2,0.52,110.0,4,jazz
3596206822,The Register,Jazz & Coffee,Two Empty Seats,145.407,169000,False,0.45,0.45,6,-10.0,1,0.04,0.7,0.25,0.2,0.52,110.0,4,jazz
3615071992,Soft Pattern,Jazz & Coffee,Predictions,132.934,210000,False,0.45,0.45,6,-10.0,1,0.04,0.7,0.25,0.2,0.52,110.0,4,jazz
3268733881,Jazz,Jazz Lofi Melody,Everybody,92.452,107000,False,0.45,0.45,6,-10.0,1,0.04,0.7,0.25,0.2,0.52,110.0,4,jazz
1326760242,Vibrant Music for Studying at Home,Jazz & Guitar Lounge,Feelings for Work from Home,159.204,123000,False,0.45,0.45,6,-10.0,1,0.04,0.7,0.25,0.2,0.52,110.0,4,jazz
2732298551,Classical,Vampire Weekend,Only God Was Above Us,442.755,259000,False,0.3,0.25,3,-15.0,1,0.03,0.9,0.85,0.1,0.35,100.0,4,classical
63638484,Classical,AJ Brown,Darker Shade,242.802,232000,False,0.3,0.25,3,-15.0,1,0.03,0.9,0.85,0.1,0.35,100.0,4,classical
1354520252,The Classical,The Fall,Hex Enduction Hour (Expanded Deluxe Edition),179.316,316000,True,0.3,0.25,3,-15.0,1,0.03,0.9,0.85,0.1,0.35,100.0,4,classical
1466490652,Classical,Bad Wolves,Dear Monsters,115.07,213000,True,0.3,0.25,3,-15.0,1,0.03,0.9,0.85,0.1,0.35,100.0,4,classical
2378921125,Classical,Rukkus,Classical,68.479,209000,False,0.3,0.25,3,-15.0,1,0.03,0.9,0.85,0.1,0.35,100.0,4,classical
5195949,Classical (Intro) (Instrumental),Gucci Mane,Instrumentals,50.964,219000,False,0.3,0.25,3,-15.0,1,0.03,0.9,0.85,0.1,0.35,100.0,4,classical
2539388,"The Classical (BBC John Peel session August 21, 1997)",Pavement,Brighten the Corners: Nicene Creedence Ed.,36.474,207000,False,0.3,0.25,3,-15.0,1,0.03,0.9,0.85,0.1,0.35,100.0,4,classical
1829621447,Classical,Sick Jacken,Intermission,37.197,185000,True,0.3,0.25,3,-15.0,1,0.03,0.9,0.85,0.1,0.35,100.0,4,classical
3545843751,Classical (Slowed),Klaus Veen,Slowed Beats,53.675,121000,False,0.3,0.25,3,-15.0,1,0.03,0.9,0.85,0.1,0.35,100.0,4,classical
1055211022,Classical,Florews,Sentimental Moments,10.348,133000,False,0.3,0.25,3,-15.0,1,0.03,0.9,0.85,0.1,0.35,100.0,4,classical
1863794867,Classical,Franc Blanco,Classical,27.908,105000,True,0.3,0.25,3,-15.0,1,0.03,0.9,0.85,0.1,0.35,100.0,4,classical
16239545,Classical,Planet Asia,Black Belt Theatre,25.105,252000,True,0.3,0.25,3,-15.0,1,0.03,0.9,0.85,0.1,0.35,100.0,4,classical
706072112,Classical,Specialteamz,Sterotypez,20.058,162000,True,0.3,0.25,3,-15.0,1,0.03,0.9,0.85,0.1,0.35,100.0,4,classical
99044408,The Classical (Live),The Fall,Austurbæjarbíó,11.568,462000,False,0.3,0.25,3,-15.0,1,0.03,0.9,0.85,0.1,0.35,100.0,4,classical
2769962851,Classical,Klaus Veen,Floorbanging Beats,22.281,214000,False,0.3,0.25,3,-15.0,1,0.03,0.9,0.85,0.1,0.35,100.0,4,classical
11804645,"Sarabande from Suite In D Minor No. 4, HWV 437",Classical Orchestra,Golden Classics in the Last 300 years,513.926,353000,False,0.3,0.25,3,-15.0,1,0.03,0.9,0.85,0.1,0.35,100.0,4,classical
10559967,Classical Gas,Mason Williams,The Mason Williams Phonographic Record,468.288,184000,False,0.3,0.25,3,-15.0,1,0.03,0.9,0.85,0.1,0.35,100.0,4,classical
2822288532,Classical Dragon (feat. Tim Henson),Marcin,Classical Dragon (feat. Tim Henson),424.868,198000,False,0.3,0.25,3,-15.0,1,0.03,0.9,0.85,0.1,0.35,100.0,4,classical
1022434702,Classical Option,Danakil,Dialogue de sourds,387.371,272000,False,0.3,0.25,3,-15.0,1,0.03,0.9,0.85,0.1,0.35,100.0,4,classical
2078221247,Mariage d'amour (Guitar & Piano Version),Classical Petals,Mariage d'amour (Guitar & Piano Version),361.131,268000,False,0.3,0.25,3,-15.0,1,0.03,0.9,0.85,0.1,0.35,100.0,4,classical
22748971,Greensleeves,Classical Music: 50 of the Best,Classical Music: 50 of the Best,358.701,104000,False,0.3,0.25,3,-15.0,1,0.03,0.9,0.85,0.1,0.35,100.0,4,classical
2008034267,classical phonk,0to8,classical phonk,351.569,86000,False,0.3,0.25,3,-15.0,1,0.03,0.9,0.85,0.1,0.35,100.0,4,classical
2278244607,Debussy: Clair de lune - slowed + reverb,Classical Slowed + Reverb,Debussy: Clair de lune - slowed + reverb,335.536,407000,False,0.3,0.25,3,-15.0,1,0.03,0.9,0.85,0.1,0.35,100.0,4,classical
3201892321,Gentle Pup Harmonies,Classical Music for Brain Power,Music for Happy Pups: Calming Sounds for Dogs,322.656,192000,False,0.3,0.25,3,-15.0,1,0.03,0.9,0.85,0.1,0.35,100.0,4,classical
22748811,Canon in D,Classical Music: 50 of the Best,Classical Music: 50 of the Best,313.054,164000,False,0.3,0.25,3,-15.0,1,0.03,0.9,0.85,0.1,0.35,100.0,4,classical
2683001462,Classical Music,Timmy Trumpet,Classical Music,296.774,157000,False,0.3,0.25,3,-15.0,1,0.03,0.9,0.85,0.1,0.35,100.0,4,classical
22748931,Ave Maria,Classical Music: 50 of the Best,Classical Music: 50 of the Best,298.011,137000,False,0.3,0.25,3,-15.0,1,0.03,0.9,0.85,0.1,0.35,100.0,4,classical
2278256877,Chopin: Nocturne No. 2 - slowed + reverb,Classical Slowed + Reverb,Chopin: Nocturne No. 2 - slowed + reverb,299.053,438000,False,0.3,0.25,3,-15.0,1,0.03,0.9,0.85,0.1,0.35,100.0,4,classical
16838973,Love Story,Classical Wedding Music Experts,50 Classic Songs for a Perfect Spring Wedding,292.714,233000,False,0.3,0.25,3,-15.0,1,0.03,0.9,0.85,0.1,0.35,100.0,4,classical
22748821,Moonlight Sonata,Classical Music: 50 of the Best,Classical Music: 50 of the Best,283.511,111000,False,0.3,0.25,3,-15.0,1,0.03,0.9,0.85,0.1,0.35,100.0,4,classical
1033441122,Mariage d'amour,Classical Petals,Mariage d'amour,307.177,279000,False,0.3,0.25,3,-15.0,1,0.03,0.9,0.85,0.1,0.35,100.0,4,classical
3688298642,Classical Cello Experience,Ted D'souza,Classical Cello Experience,255.507,135000,False,0.3,0.25,3,-15.0,1,0.03,0.9,0.85,0.1,0.35,100.0,4,classical
1147387262,"Jesu, Joy of Man's Desiring",Classical Piano Lullabies,Instrumental Relaxing Baby Lullaby,249.009,147000,False,0.3,0.25,3,-15.0,1,0.03,0.9,0.85,0.1,0.35,100.0,4,classical
2278243787,Chopin: Nocturne No. 20 - slowed + reverb,Classical Slowed + Reverb,Chopin: Nocturne No. 20 - slowed + reverb,296.392,351000,False,0.3,0.25,3,-15.0,1,0.03,0.9,0.85,0.1,0.35,100.0,4,classical
1907632157,Le Badinage,Marin Marais,Marin Marais,281.757,436000,False,0.3,0.25,3,-15.0,1,0.03,0.9,0.85,0.1,0.35,100.0,4,classical
3546806701,Classical Gas (Main Title),Ariel Marx,The Last Frontier: Season 1 (Apple TV+ Original Series Soundtrack),254.194,67000,False,0.3,0.25,3,-15.0,1,0.03,0.9,0.85,0.1,0.35,100.0,4,classical
2378993875,Classical VIP,Rukkus,Classical VIP,284.427,195000,False,0.3,0.25,3,-15.0,1,0.03,0.9,0.85,0.1,0.35,100.0,4,classical
22749231,Vivaldi Spring,Classical Music: 50 of the Best,Classical Music: 50 of the Best,261.642,90000,False,0.3,0.25,3,-15.0,1,0.03,0.9,0.85,0.1,0.35,100.0,4,classical
1286045802,Clair De Lune,Classical Kid,Clair De Lune,311.869,311000,False,0.3,0.25,3,-15.0,1,0.03,0.9,0.85,0.1,0.35,100.0,4,classical
22749081,Turkish March,Classical Music: 50 of the Best,Classical Music: 50 of the Best,236.347,141000,False,0.3,0.25,3,-15.0,1,0.03,0.9,0.85,0.1,0.35,100.0,4,classical
22748901,"Jesu, Joy of Man's Desiring",Classical Music: 50 of the Best,Classical Music: 50 of the Best,253.533,125000,False,0.3,0.25,3,-15.0,1,0.03,0.9,0.85,0.1,0.35,100.0,4,classical
1259639592,Gymnopedie No. 1 (lofi Satie),Crazy Monkey,classical music but it's lofi (Erik Satie),262.82,192000,False,0.3,0.25,3,-15.0,1,0.03,0.9,0.85,0.1,0.35,100.0,4,classical
22748961,Fur Elise,Classical Music: 50 of the Best,Classical Music: 50 of the Best,244.176,75000,False,0.3,0.25,3,-15.0,1,0.03,0.9,0.85,0.1,0.35,100.0,4,classical
512765192,Classical Music,Mozart Lullabies Baby Lullaby & Sleep Music Piano Relaxation Masters,Mozart Lullabies - Relaxing Sleep Music with Classical Music and Piano Music,241.339,213000,False,0.3,0.25,3,-15.0,1,0.03,0.9,0.85,0.1,0.35,100.0,4,classical
2278256887,Debussy: Arabesque No. 1 - slowed + reverb,Classical Slowed + Reverb,Debussy: Arabesque No. 1 - slowed + reverb,245.89,408000,False,0.3,0.25,3,-15.0,1,0.03,0.9,0.85,0.1,0.35,100.0,4,classical
22749161,Boccherini Minuet,Classical Music: 50 of the Best,Classical Music: 50 of the Best,239.47,73000,False,0.3,0.25,3,-15.0,1,0.03,0.9,0.85,0.1,0.35,100.0,4,classical
2553742752,"classical phonk, Pt. 2",0to8,"classical phonk, Pt. 2",261.291,89000,False,0.3,0.25,3,-15.0,1,0.03,0.9,0.85,0.1,0.35,100.0,4,classical
3902847461,Classical,Le Slow,Bananas in the Void,100.0,317000,False,0.3,0.25,3,-15.0,1,0.03,0.9,0.85,0.1,0.35,100.0,4,classical
2985852191,Reverie,Alexis Ffrench,Classical Soul Vol. 1,559.119,217000,False,0.3,0.25,3,-15.0,1,0.03,0.9,0.85,0.1,0.35,100.0,4,classical
2985852201,Killing Me Softly With His Song,Alexis Ffrench,Classical Soul Vol. 1,533.3,68000,False,0.3,0.25,3,-15.0,1,0.03,0.9,0.85,0.1,0.35,100.0,4,classical
3176905481,Midnight Reverie,Alexis Ffrench,Classical Soul Vol. 1 - The Solo Piano Collection,576.106,76000,False,0.3,0.25,3,-15.0,1,0.03,0.9,0.85,0.1,0.35,100.0,4,classical
3176905341,Chasing Yesterdays (Solo Piano Version),Alexis Ffrench,Classical Soul Vol. 1 - The Solo Piano Collection,610.047,218000,False,0.3,0.25,3,-15.0,1,0.03,0.9,0.85,0.1,0.35,100.0,4,classical
3176905471,Everything Changes... But All Remains,Alexis Ffrench,Classical Soul Vol. 1 - The Solo Piano Collection,575.723,183000,False,0.3,0.25,3,-15.0,1,0.03,0.9,0.85,0.1,0.35,100.0,4,classical
3988652461,Classical,Casper's Laboratory,Playing by Ear,100.0,362000,False,0.3,0.25,3,-15.0,1,0.03,0.9,0.85,0.1,0.35,100.0,4,classical
3993851481,The Classical,Miguel Ciancio,Old Times Sake,100.0,118000,False,0.3,0.25,3,-15.0,1,0.03,0.9,0.85,0.1,0.35,100.0,4,classical
2275673137,The Lamp Is Low,Laurindo Almeida,Classical Current,500.839,170000,False,0.3,0.25,3,-15.0,1,0.03,0.9,0.85,0.1,0.35,100.0,4,classical
5212655,"Turkish March, Piano Sonata No. 11 in A Major, K 331 (Mozart)",Wolfgang Amadeus Mozart,Classical Lullabies - Classical Piano Music For Children,368.671,221000,False,0.3,0.25,3,-15.0,1,0.03,0.9,0.85,0.1,0.35,100.0,4,classical
4538926,Moonlight Sonata: Adagio Sostenuto,Ludwig van Beethoven,Classical Best Of,339.564,328000,False,0.3,0.25,3,-15.0,1,0.03,0.9,0.85,0.1,0.35,100.0,4,classical
3176905491,Did I Ever Tell You,Alexis Ffrench,Classical Soul Vol. 1 - The Solo Piano Collection,441.207,275000,False,0.3,0.25,3,-15.0,1,0.03,0.9,0.85,0.1,0.35,100.0,4,classical
861747832,"Comptine d`un autre ete, l`apres-midi",Jean Baudin Clarke,Classical Piano Best Of - 14 Most Famous Classical & Modern Piano Masterpieces,333.266,134000,False,0.3,0.25,3,-15.0,1,0.03,0.9,0.85,0.1,0.35,100.0,4,classical
22729951,Classical,Piano Classics: Masters of Relaxing Solo Piano Music,Piano Classics: Masters of Relaxing Solo Piano Music,110.03,232000,False,0.3,0.25,3,-15.0,1,0.03,0.9,0.85,0.1,0.35,100.0,4,classical
3032041341,Vivaldi Winter Techno (Rave Mix),Igzistance,Vivaldi Winter Techno (Rave Mix),317.884,115000,False,0.3,0.25,3,-15.0,1,0.03,0.9,0.85,0.1,0.35,100.0,4,classical
4538913,Für Elise,Ludwig van Beethoven,Classical Best Of,555.579,173000,False,0.3,0.25,3,-15.0,1,0.03,0.9,0.85,0.1,0.35,100.0,4,classical
66783170,Nabucco,Giuseppe Verdi,Classical and Popular Melodies for the Millions Vol. 1,394.666,204000,False,0.3,0.25,3,-15.0,1,0.03,0.9,0.85,0.1,0.35,100.0,4,classical
74783830,Waltz No. 7 in C Sharp Minor - Op. 64,Frédéric Chopin,Classical Piano: Chopin,516.674,218000,False,0.3,0.25,3,-15.0,1,0.03,0.9,0.85,0.1,0.35,100.0,4,classical
74783825,Fantaisie-Impromptu in C Sharp Minor - Op. 6,Frédéric Chopin,Classical Piano: Chopin,512.345,335000,False,0.3,0.25,3,-15.0,1,0.03,0.9,0.85,0.1,0.35,100.0,4,classical
2985852351,Once,Alexis Ffrench,Classical Soul Vol. 1,518.362,129000,False,0.3,0.25,3,-15.0,1,0.03,0.9,0.85,0.1,0.35,100.0,4,classical
2275673117,My Reverie,Laurindo Almeida,Classical Current,414.22,147000,False,0.3,0.25,3,-15.0,1,0.03,0.9,0.85,0.1,0.35,100.0,4,classical
2887213542,Nocturne (Chopin),Matthew Castle,Classical Encore on the Classical Violin,297.288,227000,False,0.3,0.25,3,-15.0,1,0.03,0.9,0.85,0.1,0.35,100.0,4,classical
4339395,Ode to Joy,Ludwig van Beethoven,Classical Best Of,442.867,656000,False,0.3,0.25,3,-15.0,1,0.03,0.9,0.85,0.1,0.35,100.0,4,classical
1103272332,Winter,Antonio Vivaldi,Classical Music For Working From Home,580.128,557000,False,0.3,0.25,3,-15.0,1,0.03,0.9,0.85,0.1,0.35,100.0,4,classical
2275673127,Till the End of Time,Laurindo Almeida,Classical Current,388.014,179000,False,0.3,0.25,3,-15.0,1,0.03,0.9,0.85,0.1,0.35,100.0,4,classical
3675973752,Classical,studiomaxmusic,Classical,25.108,71000,False,0.3,0.25,3,-15.0,1,0.03,0.9,0.85,0.1,0.35,100.0,4,classical
2985852181,The Way It Was,Alexis Ffrench,Classical Soul Vol. 1,428.187,200000,False,0.3,0.25,3,-15.0,1,0.03,0.9,0.85,0.1,0.35,100.0,4,classical
74783760,Arabesque,Claude Debussy,Classical Piano Chillout 2,451.492,222000,False,0.3,0.25,3,-15.0,1,0.03,0.9,0.85,0.1,0.35,100.0,4,classical
890885932,Serenade For Strings,Antonín Dvořák,Classical Lines,343.257,129000,False,0.3,0.25,3,-15.0,1,0.03,0.9,0.85,0.1,0.35,100.0,4,classical
2450166805,Classical,Music happens,Classical,8.881,309000,False,0.3,0.25,3,-15.0,1,0.03,0.9,0.85,0.1,0.35,100.0,4,classical
1037250382,Fur Elise Trailerized,Wall Of Noise,Classical Evolution,333.075,180000,False,0.3,0.25,3,-15.0,1,0.03,0.9,0.85,0.1,0.35,100.0,4,classical
3757488322,Classical,Austin Sour,Bendicion,37.39,125000,True,0.3,0.25,3,-15.0,1,0.03,0.9,0.85,0.1,0.35,100.0,4,classical
1234713642,"Serenade No. 13 in G Major, K. 525 ""A Little Night Music"": I. Alegro (Arr. for Piano)",Classical Kid,Classical Music for Babies,252.307,192000,False,0.3,0.25,3,-15.0,1,0.03,0.9,0.85,0.1,0.35,100.0,4,classical
1440559922,Classical,Luciano Reis,Classical,40.786,167000,False,0.3,0.25,3,-15.0,1,0.03,0.9,0.85,0.1,0.35,100.0,4,classical
2680576342,Canon Rock,Cole Rolland,Classical Is Metal,341.847,228000,False,0.3,0.25,3,-15.0,1,0.03,0.9,0.85,0.1,0.35,100.0,4,classical
1565401702,Pachelbel's Canon,Nursery Rhymes 123,Classical Lullabies,211.994,170000,False,0.3,0.25,3,-15.0,1,0.03,0.9,0.85,0.1,0.35,100.0,4,classical
1234713672,"Piano Concerto No. 21, K 467, ""Elvira Madigan"": II. Andante (Excerpt)",Classical Kid,Classical Music for Babies,202.57,166000,False,0.3,0.25,3,-15.0,1,0.03,0.9,0.85,0.1,0.35,100.0,4,classical
4538914,Symphony No. 5 In C Minor Op. 67 Part 1,Ludwig van Beethoven,Classical Best Of,356.845,485000,False,0.3,0.25,3,-15.0,1,0.03,0.9,0.85,0.1,0.35,100.0,4,classical
3760773842,Classical,studiomaxmusic,Classical Strings,13.769,87000,False,0.3,0.25,3,-15.0,1,0.03,0.9,0.85,0.1,0.35,100.0,4,classical
512827822,Classical,Relaxing Piano Music Consort & Piano: Classical Relaxation,"Classical Time - Best Light Classical Music, Classical Piano Music for Children and Adults",17.945,316000,False,0.3,0.25,3,-15.0,1,0.03,0.9,0.85,0.1,0.35,100.0,4,classical
3176905411,Everything Changes (Solo Piano Version),Alexis Ffrench,Classical Soul Vol. 1 - The Solo Piano Collection,446.613,186000,False,0.3,0.25,3,-15.0,1,0.03,0.9,0.85,0.1,0.35,100.0,4,classical
74783821,"Nocturne in E Flat Major - Op. 9, No. 2",Frédéric Chopin,Classical Piano: Chopin,362.237,245000,False,0.3,0.25,3,-15.0,1,0.03,0.9,0.85,0.1,0.35,100.0,4,classical
917460742,Classical,Ghost Lamp,AISHÛKAIDÔ,18.741,74000,False,0.3,0.25,3,-15.0,1,0.03,0.9,0.85,0.1,0.35,100.0,4,classical
3464639601,Classical,Habibi,2 Classical,26.72,145000,True,0.3,0.25,3,-15.0,1,0.03,0.9,0.85,0.1,0.35,100.0,4,classical
1364619052,Classical,Oleg Kashchenko,Epic Inspirational Music,33.396,112000,False,0.3,0.25,3,-15.0,1,0.03,0.9,0.85,0.1,0.35,100.0,4,classical
2583853782,Winter (Classical Techno),ARDO,Winter (Classical Techno),374.008,144000,False,0.3,0.25,3,-15.0,1,0.03,0.9,0.85,0.1,0.35,100.0,4,classical
2985852221,Together Without You,Alexis Ffrench,Classical Soul Vol. 1,368.809,212000,False,0.3,0.25,3,-15.0,1,0.03,0.9,0.85,0.1,0.35,100.0,4,classical
3325276581,"Keyboard Concerto in F Minor, BWV 1056: Piano Concerto No. 5 in F Minor, BWV 1056: Largo",Hae Won Chang,Classical Sanctuary Vol. 2,430.287,169000,False,0.3,0.25,3,-15.0,1,0.03,0.9,0.85,0.1,0.35,100.0,4,classical
56953941,Ständchen (Serenade) / Going Home / Nocturn [Medley],Franz Schubert,Classical Memories | Klassieke Keur,369.017,276000,False,0.3,0.25,3,-15.0,1,0.03,0.9,0.85,0.1,0.35,100.0,4,classical
3784512242,BEASTARS -classical-,神前 暁,TVアニメ「BEASTARS」オリジナルサウンドトラック,246.782,35000,False,0.3,0.25,3,-15.0,1,0.03,0.9,0.85,0.1,0.35,100.0,4,classical
3254002171,Classical,HeartDrumMachine,Democracy,11.476,121000,False,0.3,0.25,3,-15.0,1,0.03,0.9,0.85,0.1,0.35,100.0,4,classical
893602682,"Romance (From ""Jeux interdits"")",Thibaut Garcia,Classical Masterpieces,311.308,141000,False,0.3,0.25,3,-15.0,1,0.03,0.9,0.85,0.1,0.35,100.0,4,classical
3997041,Blue Danube Waltz Extract,Strauss,Classical Greats,343.356,282000,False,0.3,0.25,3,-15.0,1,0.03,0.9,0.85,0.1,0.35,100.0,4,classical
2201763767,Gnossienne No. 1 (Strong Variation),DeLaurentis,Classical Variations (Vol.2),273.509,188000,False,0.3,0.25,3,-15.0,1,0.03,0.9,0.85,0.1,0.35,100.0,4,classical
2222038127,Classical,Deep Lo,"Best Of Deep Lo, Vol. 1",22.466,407000,False,0.3,0.25,3,-15.0,1,0.03,0.9,0.85,0.1,0.35,100.0,4,classical
3878762021,Classical,A Princess With Long Legs,Kitten Heel,18.641,47000,False,0.3,0.25,3,-15.0,1,0.03,0.9,0.85,0.1,0.35,100.0,4,classical
3140598351,Classical,BabyTV,Big Bugs Band,32.487,164000,False,0.3,0.25,3,-15.0,1,0.03,0.9,0.85,0.1,0.35,100.0,4,classical
556071122,"Kaantha (From ""Uriyadi"")",Masala Coffee,Classical in Cinema,300.475,294000,False,0.3,0.25,3,-15.0,1,0.03,0.9,0.85,0.1,0.35,100.0,4,classical
2960891971,Classical (feat. okBinx),luvjoel,Classical (feat. okBinx),18.706,145000,True,0.3,0.25,3,-15.0,1,0.03,0.9,0.85,0.1,0.35,100.0,4,classical
52312011,"Violin Concerto in E Minor, Op. 64: I. Allegro",Felix Mendelssohn,Classical Masters 1954-1960,326.467,812000,False,0.3,0.25,3,-15.0,1,0.03,0.9,0.85,0.1,0.35,100.0,4,classical
3176905351,Together Without You (Solo Piano Version),Alexis Ffrench,Classical Soul Vol. 1 - The Solo Piano Collection,386.971,213000,False,0.3,0.25,3,-15.0,1,0.03,0.9,0.85,0.1,0.35,100.0,4,classical
3675973762,The Classical,studiomaxmusic,Classical,9.078,103000,False,0.3,0.25,3,-15.0,1,0.03,0.9,0.85,0.1,0.35,100.0,4,classical
1776837077,Offenbach: The Can Can,Philharmonia Orchestra,Classical Clips Vol. 2,299.022,106000,False,0.3,0.25,3,-15.0,1,0.03,0.9,0.85,0.1,0.35,100.0,4,classical
4538936,"Sonata for Piano No.14 in C sharp minor, 'Moonlight', Op.27/2 - Presto Agitato",Ludwig van Beethoven,Classical Best Of,307.902,425000,False,0.3,0.25,3,-15.0,1,0.03,0.9,0.85,0.1,0.35,100.0,4,classical
1221116802,Classical Violin,Rafael Krux,The Epic Baroque,349.189,76000,False,0.3,0.25,3,-15.0,1,0.03,0.9,0.85,0.1,0.35,100.0,4,classical
63456733,Lascia ch'io pianga from Rinaldo,Barbra Streisand,Classical Barbra (Re-Mastered),291.393,217000,False,0.3,0.25,3,-15.0,1,0.03,0.9,0.85,0.1,0.35,100.0,4,classical
22749281,Sonata No. 3,Classical Music: 50 of the Best,Classical Music: 50 of the Best,156.805,194000,False,0.3,0.25,3,-15.0,1,0.03,0.9,0.85,0.1,0.35,100.0,4,classical
7443726,Delibes: Flower Duet,Mady Mesple,Classical Chill Out,341.991,213000,False,0.3,0.25,3,-15.0,1,0.03,0.9,0.85,0.1,0.35,100.0,4,classical
861747862,"Nocturne in E Flat Major, Op. 9 No. 2: II. Andante (E Flat major)",Jean Baudin Clarke,Classical Piano Best Of - 14 Most Famous Classical & Modern Piano Masterpieces,292.117,282000,False,0.3,0.25,3,-15.0,1,0.03,0.9,0.85,0.1,0.35,100.0,4,classical
2772127581,"Suite in C Major, K. 399: III. Courante",Anastasia Injushina,Classical Music for Studying,324.881,190000,False,0.3,0.25,3,-15.0,1,0.03,0.9,0.85,0.1,0.35,100.0,4,classical
861747822,"Canon and Gigue in D major, P.37: I. Canon",Jean Baudin Clarke,Classical Piano Best Of - 14 Most Famous Classical & Modern Piano Masterpieces,265.288,187000,False,0.3,0.25,3,-15.0,1,0.03,0.9,0.85,0.1,0.35,100.0,4,classical
74783754,Gnossienne no.1,Erik Satie,Classical Piano Chillout 2,303.201,204000,False,0.3,0.25,3,-15.0,1,0.03,0.9,0.85,0.1,0.35,100.0,4,classical
2634243222,"Lakmé, Act I: Flower Duet",David Tobin,Classical Collection - Opera & Oratorio,302.204,99000,False,0.3,0.25,3,-15.0,1,0.03,0.9,0.85,0.1,0.35,100.0,4,classical
1234713662,"Piano Concerto No. 20 in D Minor, K. 466: 2. Romance",Classical Kid,Classical Music for Babies,142.964,257000,False,0.3,0.25,3,-15.0,1,0.03,0.9,0.85,0.1,0.35,100.0,4,classical
2148879427,Op.64. No. 2. in C#min,Classical,Soothing Classical Music,65.895,214000,False,0.3,0.25,3,-15.0,1,0.03,0.9,0.85,0.1,0.35,100.0,4,classical
1234713652,"Serenade No. 13 in G Major, K. 525 ""a Little Night Music"": II. Romance (Arr. for Piano)",Classical Kid,Classical Music for Babies,154.916,171000,False,0.3,0.25,3,-15.0,1,0.03,0.9,0.85,0.1,0.35,100.0,4,classical
1103272372,Summer,Antonio Vivaldi,Classical Music For Working From Home,255.715,610000,False,0.3,0.25,3,-15.0,1,0.03,0.9,0.85,0.1,0.35,100.0,4,classical
2767056731,Classical Cello Solo,Rafael Krux,Classical Cello Solo,358.453,103000,False,0.3,0.25,3,-15.0,1,0.03,0.9,0.85,0.1,0.35,100.0,4,classical
1341152042,Moonlight Sonata,International Free Music,Classical collection,178.173,149000,False,0.3,0.25,3,-15.0,1,0.03,0.9,0.85,0.1,0.35,100.0,4,classical
3602501112,Eternal Scarab,Classical Hits,Egyptian Flute Vol.2,146.383,205000,False,0.3,0.25,3,-15.0,1,0.03,0.9,0.85,0.1,0.35,100.0,4,classical
1341152032,"Piano Sonata No. 4 in E flat major, Op. 5 No. 4",International Free Music,Classical collection,219.953,468000,False,0.3,0.25,3,-15.0,1,0.03,0.9,0.85,0.1,0.35,100.0,4,classical
2820506552,Model Clear,Classical,Classical Music Jukebox,18.858,150000,False,0.3,0.25,3,-15.0,1,0.03,0.9,0.85,0.1,0.35,100.0,4,classical
3297398371,Healthy Cozy,Classical,Resonant Sonatas,100.0,137000,False,0.3,0.25,3,-15.0,1,0.03,0.9,0.85,0.1,0.35,100.0,4,classical
1341152052,Bolero,International Free Music,Classical collection,208.064,849000,False,0.3,0.25,3,-15.0,1,0.03,0.9,0.85,0.1,0.35,100.0,4,classical
2820506572,Caring Ease,Classical,Classical Music Jukebox,6.9,134000,False,0.3,0.25,3,-15.0,1,0.03,0.9,0.85,0.1,0.35,100.0,4,classical
3179203581,Cute Ambient,Classical,Classical Mozart Ensemble,100.0,153000,False,0.3,0.25,3,-15.0,1,0.03,0.9,0.85,0.1,0.35,100.0,4,classical
3179204471,Solace Royalty,Classical,Classical Mozart Ensemble,100.0,136000,False,0.3,0.25,3,-15.0,1,0.03,0.9,0.85,0.1,0.35,100.0,4,classical
3297398411,Sentimental Ominous,Classical,Resonant Sonatas,100.0,140000,False,0.3,0.25,3,-15.0,1,0.03,0.9,0.85,0.1,0.35,100.0,4,classical
3628649492,"Liebesträume, S. 541: No. 3, Oh Lieb, so lang du lieben kannst",Jeno Jando,Classical Music - 50 of the Best,320.548,264000,False,0.3,0.25,3,-15.0,1,0.03,0.9,0.85,0.1,0.35,100.0,4,classical
3297398501,Slumber Wealthy,Classical,Resonant Sonatas,100.0,147000,False,0.3,0.25,3,-15.0,1,0.03,0.9,0.85,0.1,0.35,100.0,4,classical
3297398531,Planet Cute,Classical,Resonant Sonatas,100.0,162000,False,0.3,0.25,3,-15.0,1,0.03,0.9,0.85,0.1,0.35,100.0,4,classical
3297398551,Piece Lesson,Classical,Resonant Sonatas,26.358,148000,False,0.3,0.25,3,-15.0,1,0.03,0.9,0.85,0.1,0.35,100.0,4,classical
1601062662,Classical,Tonn2Lit,The Lyricist,100.0,201000,True,0.3,0.25,3,-15.0,1,0.03,0.9,0.85,0.1,0.35,100.0,4,classical
2622444372,Classical,Billy Touchtone,Astro 2 Deluxe,100.0,221000,True,0.3,0.25,3,-15.0,1,0.03,0.9,0.85,0.1,0.35,100.0,4,classical
2858728212,Classical,YUNG GERM,Yung Beethoven,100.0,121000,False,0.3,0.25,3,-15.0,1,0.03,0.9,0.85,0.1,0.35,100.0,4,classical
3525997071,Classical,Mauro Rawn,60 Seconds of Tennessee Country Music,100.0,63000,False,0.3,0.25,3,-15.0,1,0.03,0.9,0.85,0.1,0.35,100.0,4,classical
73767283,Classical,HOOD SURGEON,Son Of A Doctor Ringtones - Clean,0.0,30000,False,0.3,0.25,3,-15.0,1,0.03,0.9,0.85,0.1,0.35,100.0,4,classical
2820506422,Bar Quick,Classical,Classical Music Jukebox,10.077,145000,False,0.3,0.25,3,-15.0,1,0.03,0.9,0.85,0.1,0.35,100.0,4,classical
3179204211,Resonance Ensemble,Classical,Classical Mozart Ensemble,100.0,161000,False,0.3,0.25,3,-15.0,1,0.03,0.9,0.85,0.1,0.35,100.0,4,classical
3297398521,Somber Sundown,Classical,Resonant Sonatas,100.0,158000,False,0.3,0.25,3,-15.0,1,0.03,0.9,0.85,0.1,0.35,100.0,4,classical
2649131342,The Planet's Reflective Stance,Classical,Eleganza Classica: Celeste Paradiso del Benessere,100.0,131000,False,0.3,0.25,3,-15.0,1,0.03,0.9,0.85,0.1,0.35,100.0,4,classical
2820506432,Somber Bistro,Classical,Classical Music Jukebox,22.017,137000,False,0.3,0.25,3,-15.0,1,0.03,0.9,0.85,0.1,0.35,100.0,4,classical
3179203541,Fields Joint,Classical,Classical Mozart Ensemble,100.0,166000,False,0.3,0.25,3,-15.0,1,0.03,0.9,0.85,0.1,0.35,100.0,4,classical
3179204111,Great Soul,Classical,Classical Mozart Ensemble,100.0,143000,False,0.3,0.25,3,-15.0,1,0.03,0.9,0.85,0.1,0.35,100.0,4,classical
3179204331,Seminar Pristine,Classical,Classical Mozart Ensemble,100.0,144000,False,0.3,0.25,3,-15.0,1,0.03,0.9,0.85,0.1,0.35,100.0,4,classical
3233057271,Country Girl,Classical,Jam Rock Riddim,22.916,127000,True,0.3,0.25,3,-15.0,1,0.03,0.9,0.85,0.1,0.35,100.0,4,classical
3297398341,Sonata Conclusion,Classical,Resonant Sonatas,100.0,127000,False,0.3,0.25,3,-15.0,1,0.03,0.9,0.85,0.1,0.35,100.0,4,classical
122898020,Classical, AD,Moonie district,0.003,201000,False,0.3,0.25,3,-15.0,1,0.03,0.9,0.85,0.1,0.35,100.0,4,classical
131951938,Classical,K.Oshkin,Classical,0.0,400000,False,0.3,0.25,3,-15.0,1,0.03,0.9,0.85,0.1,0.35,100.0,4,classical
1927631827,Classical,L3GO's,Parabellum,14.189,197000,False,0.3,0.25,3,-15.0,1,0.03,0.9,0.85,0.1,0.35,100.0,4,classical
1983053497,Classical,Ellis Production,Trapstar Ellis 2,100.0,185000,False,0.3,0.25,3,-15.0,1,0.03,0.9,0.85,0.1,0.35,100.0,4,classical
2592677072,Classical,LYKS.em,Classical,100.0,183000,False,0.3,0.25,3,-15.0,1,0.03,0.9,0.85,0.1,0.35,100.0,4,classical
2671836662,Classical,SY INSTRUMENTALS,Classical,100.0,197000,False,0.3,0.25,3,-15.0,1,0.03,0.9,0.85,0.1,0.35,100.0,4,classical
2859933582,Classical,Edwng,Summah,100.0,150000,False,0.3,0.25,3,-15.0,1,0.03,0.9,0.85,0.1,0.35,100.0,4,classical
2890847552,Classical,Anand Bansi,Classical,100.0,191000,False,0.3,0.25,3,-15.0,1,0.03,0.9,0.85,0.1,0.35,100.0,4,classical
888508942,Classical,Alex Slk,Classical,100.0,229000,False,0.3,0.25,3,-15.0,1,0.03,0.9,0.85,0.1,0.35,100.0,4,classical
963258432,Classical,Ride-on,Lucky People,100.0,82000,False,0.3,0.25,3,-15.0,1,0.03,0.9,0.85,0.1,0.35,100.0,4,classical
3140527281,Swan Lake,Classical Helios Station,Classical Harmony (Relaxing VERSION),115.543,242000,False,0.3,0.25,3,-15.0,1,0.03,0.9,0.85,0.1,0.35,100.0,4,classical
3179203511,Revision Haven,Classical,Classical Mozart Ensemble,100.0,150000,False,0.3,0.25,3,-15.0,1,0.03,0.9,0.85,0.1,0.35,100.0,4,classical
3297398301,Ranch Limousine,Classical,Resonant Sonatas,7.827,137000,False,0.3,0.25,3,-15.0,1,0.03,0.9,0.85,0.1,0.35,100.0,4,classical
3297398511,Popular Player,Classical,Resonant Sonatas,100.0,123000,False,0.3,0.25,3,-15.0,1,0.03,0.9,0.85,0.1,0.35,100.0,4,classical
2207064617,classical,Choyo,Pilates,100.0,120000,False,0.3,0.25,3,-15.0,1,0.03,0.9,0.85,0.1,0.35,100.0,4,classical
2247797987,Classical,Simon The Musician,"My Life Is A Jazz Song, Vol.04",100.0,65000,False,0.3,0.25,3,-15.0,1,0.03,0.9,0.85,0.1,0.35,100.0,4,classical
2397380005,Classical,Mauro Rawn,The Rustling Leaves,3.079,62000,False,0.3,0.25,3,-15.0,1,0.03,0.9,0.85,0.1,0.35,100.0,4,classical
2631921582,Classical,Ankit Burman,Day by Day,100.0,72000,False,0.3,0.25,3,-15.0,1,0.03,0.9,0.85,0.1,0.35,100.0,4,classical
2665872102,CLASSICAL,A.T.O Willie,"OVERLOOKED THE BEAT TAPE, Vol. 2",100.0,226000,False,0.3,0.25,3,-15.0,1,0.03,0.9,0.85,0.1,0.35,100.0,4,classical
2699366032,Classical,Trigga-slutt,Classical,100.0,188000,True,0.3,0.25,3,-15.0,1,0.03,0.9,0.85,0.1,0.35,100.0,4,classical
3119319631,classical,M.Y.O,MPOV,100.0,160000,False,0.3,0.25,3,-15.0,1,0.03,0.9,0.85,0.1,0.35,100.0,4,classical
3250439901,Classical,Amanuel Momona,Momona,100.0,90000,False,0.3,0.25,3,-15.0,1,0.03,0.9,0.85,0.1,0.35,100.0,4,classical
3610392282,Classical,10 000 Bird Skeletons,"10,000 Bird Skeletons Demo",100.0,191000,False,0.3,0.25,3,-15.0,1,0.03,0.9,0.85,0.1,0.35,100.0,4,classical
3612566422,CLASSICAL,newcupid,CUPIDTAPE,100.0,248000,False,0.3,0.25,3,-15.0,1,0.03,0.9,0.85,0.1,0.35,100.0,4,classical
3629287772,classical,DOTCOMGIRLS,will you die for me,100.0,89000,True,0.3,0.25,3,-15.0,1,0.03,0.9,0.85,0.1,0.35,100.0,4,classical
3697313092,Classical,K Ill,Hip-Hop Instrumentals (Mega Rap Pack),100.0,200000,False,0.3,0.25,3,-15.0,1,0.03,0.9,0.85,0.1,0.35,100.0,4,classical
393466942,Classical,Heats,100 Fresh Tech House Tracks September 2017,0.0,189000,False,0.3,0.25,3,-15.0,1,0.03,0.9,0.85,0.1,0.35,100.0,4,classical
717801742,Classical,Dreadzzz,10x2 Beat Tape,5.022,147000,False,0.3,0.25,3,-15.0,1,0.03,0.9,0.85,0.1,0.35,100.0,4,classical
3179203981,Fashion Bride,Classical,Classical Mozart Ensemble,100.0,144000,False,0.3,0.25,3,-15.0,1,0.03,0.9,0.85,0.1,0.35,100.0,4,classical
3297398291,Dress Booth,Classical,Resonant Sonatas,10.01,145000,False,0.3,0.25,3,-15.0,1,0.03,0.9,0.85,0.1,0.35,100.0,4,classical
3297398321,Act Serene,Classical,Resonant Sonatas,100.0,146000,False,0.3,0.25,3,-15.0,1,0.03,0.9,0.85,0.1,0.35,100.0,4,classical
1341152092,Symphonie n 3,International Free Music,Classical collection,201.263,941000,False,0.3,0.25,3,-15.0,1,0.03,0.9,0.85,0.1,0.35,100.0,4,classical
1077472422,Classical,Synsun,Unstoppable,11.097,228000,False,0.3,0.25,3,-15.0,1,0.03,0.9,0.85,0.1,0.35,100.0,4,classical
119829066,Classical,Mona Iglesias,Guitar Music for Tapas Restaurants,25.589,66000,False,0.3,0.25,3,-15.0,1,0.03,0.9,0.85,0.1,0.35,100.0,4,classical
1414420602,Classical,The Garland Pool,Acoustic Clown,100.0,160000,False,0.3,0.25,3,-15.0,1,0.03,0.9,0.85,0.1,0.35,100.0,4,classical
1867441847,Classical,Sufi Spraggah Bint Mustafa,Not a Murderer,100.0,195000,False,0.3,0.25,3,-15.0,1,0.03,0.9,0.85,0.1,0.35,100.0,4,classical
2096286557,CLASSICAL,Sirhc,SESSIONS,100.0,65000,False,0.3,0.25,3,-15.0,1,0.03,0.9,0.85,0.1,0.35,100.0,4,classical
2335187435,Classical,Dirty Ca$h,Dirty Dollar Bills,100.0,122000,True,0.3,0.25,3,-15.0,1,0.03,0.9,0.85,0.1,0.35,100.0,4,classical
2342543345,Classical,Sake,Sea,8.658,207000,False,0.3,0.25,3,-15.0,1,0.03,0.9,0.85,0.1,0.35,100.0,4,classical
2728511301,Classical,Anton Beats,Sensitive Low fidelity,100.0,174000,False,0.3,0.25,3,-15.0,1,0.03,0.9,0.85,0.1,0.35,100.0,4,classical
3027429941,Classical,Aray17,Classical,100.0,108000,False,0.3,0.25,3,-15.0,1,0.03,0.9,0.85,0.1,0.35,100.0,4,classical
3231977131,CLASSICAL,D. Imman,Baby and Baby,100.0,31000,False,0.3,0.25,3,-15.0,1,0.03,0.9,0.85,0.1,0.35,100.0,4,classical
3831610871,classical,Sesh Ross,Spice Level 8,100.0,124000,False,0.3,0.25,3,-15.0,1,0.03,0.9,0.85,0.1,0.35,100.0,4,classical
3923074201,classical,74buccem,classical,100.0,181000,True,0.3,0.25,3,-15.0,1,0.03,0.9,0.85,0.1,0.35,100.0,4,classical
6523175,Classical,Permagrin,Permagrin,0.004,708000,False,0.3,0.25,3,-15.0,1,0.03,0.9,0.85,0.1,0.35,100.0,4,classical
1341152062,"Piano Trio in G, No.4(2)",International Free Music,Classical collection,201.263,292000,False,0.3,0.25,3,-15.0,1,0.03,0.9,0.85,0.1,0.35,100.0,4,classical
1305311852,Classical Jazz Themes,Classic Jazz Instrumentals,Pure Jazz Music,111.195,119000,False,0.3,0.25,3,-15.0,1,0.03,0.9,0.85,0.1,0.35,100.0,4,classical
3179203651,Placid Despare,Classical,Classical Mozart Ensemble,100.0,144000,False,0.3,0.25,3,-15.0,1,0.03,0.9,0.85,0.1,0.35,100.0,4,classical
3179203681,Sundown Habitat,Classical,Classical Mozart Ensemble,2.234,162000,False,0.3,0.25,3,-15.0,1,0.03,0.9,0.85,0.1,0.35,100.0,4,classical
926534322,Classical (Crop Chill Mix),Classical,The Coffeine Removal Project - 1,20.883,180000,False,0.3,0.25,3,-15.0,1,0.03,0.9,0.85,0.1,0.35,100.0,4,classical
1623416792,CLASSICAL,DJ Mad Bunny,CLASSICAL,100.0,147000,True,0.3,0.25,3,-15.0,1,0.03,0.9,0.85,0.1,0.35,100.0,4,classical
2652931722,Classical,Menace Malato Beats,Life Music,100.0,169000,False,0.3,0.25,3,-15.0,1,0.03,0.9,0.85,0.1,0.35,100.0,4,classical
2660948932,Classical,Ortemuzzz,Уроки Фортепиано,100.0,146000,True,0.3,0.25,3,-15.0,1,0.03,0.9,0.85,0.1,0.35,100.0,4,classical
3637870832,Classical,Big Tali,Sognando,100.0,144000,False,0.3,0.25,3,-15.0,1,0.03,0.9,0.85,0.1,0.35,100.0,4,classical
789053642,Classical,Just-Ice,32 Degrees,26.033,88000,True,0.3,0.25,3,-15.0,1,0.03,0.9,0.85,0.1,0.35,100.0,4,classical
3758716202,SPA,GIMS,SPA,999.858,183000,False,0.8,0.75,0,-6.5,1,0.08,0.2,0.02,0.14,0.72,105.0,4,latin
3421452491,LATINA FOREVA,KAROL G,Tropicoqueta,668.236,161000,True,0.8,0.75,0,-6.5,1,0.08,0.2,0.02,0.14,0.72,105.0,4,latin
990604232,GIRL LIKE ME,The Black Eyed Peas,TRANSLATION,779.381,221000,True,0.8,0.75,0,-6.5,1,0.08,0.2,0.02,0.14,0.72,105.0,4,latin
2853398332,Mala buena suerte,Latin Mafia,Mala buena suerte,716.593,165000,False,0.8,0.75,0,-6.5,1,0.08,0.2,0.02,0.14,0.72,105.0,4,latin
2125568427,Latin,Zélé,Latin,186.909,159000,False,0.8,0.75,0,-6.5,1,0.08,0.2,0.02,0.14,0.72,105.0,4,latin
3858859,Latin,Mike Oldfield,Tubular Bells 2003,167.96,138000,False,0.8,0.75,0,-6.5,1,0.08,0.2,0.02,0.14,0.72,105.0,4,latin
652265662,Latin,MastikSoul,Latin,141.599,237000,False,0.8,0.75,0,-6.5,1,0.08,0.2,0.02,0.14,0.72,105.0,4,latin
66135622,Latin (1),Mazhar Alanson,Her Şey Çok Güzel Olacak,104.922,30000,False,0.8,0.75,0,-6.5,1,0.08,0.2,0.02,0.14,0.72,105.0,4,latin
3782678362,Latin,Moscow Disco Club,Latin,121.777,196000,False,0.8,0.75,0,-6.5,1,0.08,0.2,0.02,0.14,0.72,105.0,4,latin
2514818971,Patadas de Ahogado,Latin Mafia,Patadas de Ahogado,585.035,224000,False,0.8,0.75,0,-6.5,1,0.08,0.2,0.02,0.14,0.72,105.0,4,latin
1741494437,El Apagón,Bad Bunny,Un Verano Sin Ti,736.959,201000,True,0.8,0.75,0,-6.5,1,0.08,0.2,0.02,0.14,0.72,105.0,4,latin
76122178,Ai Se Tu Pego (Nooossaa),Latin Dance Masters,Latino Sounds,565.698,168000,False,0.8,0.75,0,-6.5,1,0.08,0.2,0.02,0.14,0.72,105.0,4,latin
7583582,"Latinoamérica (feat. Totó la Momposina, Susana Baca & Maria Rita)",Calle 13,Entren Los Que Quieran,560.596,298000,False,0.8,0.75,0,-6.5,1,0.08,0.2,0.02,0.14,0.72,105.0,4,latin
3769684602,Como Es Que Se Hace,Yandel,Como Es Que Se Hace,547.097,205000,True,0.8,0.75,0,-6.5,1,0.08,0.2,0.02,0.14,0.72,105.0,4,latin
15022413,Me Leva,Latino,Marcas De Amor,538.981,216000,False,0.8,0.75,0,-6.5,1,0.08,0.2,0.02,0.14,0.72,105.0,4,latin
2562617192,Latin,Mattzz,Latin,51.549,331000,False,0.8,0.75,0,-6.5,1,0.08,0.2,0.02,0.14,0.72,105.0,4,latin
505312122,Latino Evropa,Relja,Latino Evropa,526.72,203000,False,0.8,0.75,0,-6.5,1,0.08,0.2,0.02,0.14,0.72,105.0,4,latin
3149455801,Latinamerica (feat. Vika),Raffa FL,Latinamerica (feat. Vika),516.1,124000,False,0.8,0.75,0,-6.5,1,0.08,0.2,0.02,0.14,0.72,105.0,4,latin
3083062801,Latino Americano,Drinho Sp,Latino Americano,513.311,277000,True,0.8,0.75,0,-6.5,1,0.08,0.2,0.02,0.14,0.72,105.0,4,latin
72174935,Latin (Megamix),Gibson Brothers,Gibson Brothers,31.328,321000,False,0.8,0.75,0,-6.5,1,0.08,0.2,0.02,0.14,0.72,105.0,4,latin
1697351907,Latin Girls,The Black Eyed Peas,Elephunk,432.691,381000,False,0.8,0.75,0,-6.5,1,0.08,0.2,0.02,0.14,0.72,105.0,4,latin
2853363592,No digas nada,Latin Mafia,No digas nada,540.136,222000,False,0.8,0.75,0,-6.5,1,0.08,0.2,0.02,0.14,0.72,105.0,4,latin
871992162,Latina,Coja,Latina,517.168,171000,False,0.8,0.75,0,-6.5,1,0.08,0.2,0.02,0.14,0.72,105.0,4,latin
3378467611,Latin,Souli,Mes rêves m'empêchent de dormir,37.205,166000,False,0.8,0.75,0,-6.5,1,0.08,0.2,0.02,0.14,0.72,105.0,4,latin
606691462,Acción,Latin,Acción,21.808,204000,False,0.8,0.75,0,-6.5,1,0.08,0.2,0.02,0.14,0.72,105.0,4,latin
75278479,Latin,Dj-Chart,"Sport & Dance Edition, Vol. 3",10.154,142000,False,0.8,0.75,0,-6.5,1,0.08,0.2,0.02,0.14,0.72,105.0,4,latin
668442942,Latin (Mixed),MastikSoul,Live At Ultra Music Festival Miami 2019 (Highlights),2.792,97000,False,0.8,0.75,0,-6.5,1,0.08,0.2,0.02,0.14,0.72,105.0,4,latin
3015691051,LATIN,Keyzer,LATIN,32.951,142000,True,0.8,0.75,0,-6.5,1,0.08,0.2,0.02,0.14,0.72,105.0,4,latin
3055969751,Siento que merezco más,Latin Mafia,TODOS LOS DÍAS TODO EL DÍA,523.461,165000,False,0.8,0.75,0,-6.5,1,0.08,0.2,0.02,0.14,0.72,105.0,4,latin
66135631,Latin (2),Mazhar Alanson,Her Şey Çok Güzel Olacak,21.928,114000,False,0.8,0.75,0,-6.5,1,0.08,0.2,0.02,0.14,0.72,105.0,4,latin
680957692,Dulce & Amargo,Neztor mvl,El Laboratorio,31.554,247000,False,0.8,0.75,0,-6.5,1,0.08,0.2,0.02,0.14,0.72,105.0,4,latin
3470972611,Hecho para ti,Latin Mafia,Hecho para ti,484.575,152000,False,0.8,0.75,0,-6.5,1,0.08,0.2,0.02,0.14,0.72,105.0,4,latin
2939478241,neo roneo,Rusowsky,neo roneo,499.957,166000,False,0.8,0.75,0,-6.5,1,0.08,0.2,0.02,0.14,0.72,105.0,4,latin
2853363002,Julieta,Latin Mafia,Julieta,485.211,210000,False,0.8,0.75,0,-6.5,1,0.08,0.2,0.02,0.14,0.72,105.0,4,latin
4204383,Latin cha cha,Stephane Pompougnac,Hôtel Costes 12,482.275,278000,False,0.8,0.75,0,-6.5,1,0.08,0.2,0.02,0.14,0.72,105.0,4,latin
2422902385,Julietota,Latin Mafia,Julietota,488.767,212000,False,0.8,0.75,0,-6.5,1,0.08,0.2,0.02,0.14,0.72,105.0,4,latin
2595496412,Latino Megamix 2024,Collectif Métissé,Latino Megamix 2024,480.985,207000,False,0.8,0.75,0,-6.5,1,0.08,0.2,0.02,0.14,0.72,105.0,4,latin
2853346392,Flores,Latin Mafia,Flores,473.117,160000,False,0.8,0.75,0,-6.5,1,0.08,0.2,0.02,0.14,0.72,105.0,4,latin
6305019,Festa no Apê (Dragostea Din Tei),Latino,Latino Apresenta as Aventuras de DJ L - Festa no Apê,451.454,251000,False,0.8,0.75,0,-6.5,1,0.08,0.2,0.02,0.14,0.72,105.0,4,latin
3055969831,Yo siempre contesto.,Latin Mafia,TODOS LOS DÍAS TODO EL DÍA,480.5,199000,False,0.8,0.75,0,-6.5,1,0.08,0.2,0.02,0.14,0.72,105.0,4,latin
2853362992,Sal rosa,Latin Mafia,Sal rosa,455.359,263000,False,0.8,0.75,0,-6.5,1,0.08,0.2,0.02,0.14,0.72,105.0,4,latin
3086954871,2:12 AM,Rauw Alejandro,Cosa Nuestra,459.355,212000,True,0.8,0.75,0,-6.5,1,0.08,0.2,0.02,0.14,0.72,105.0,4,latin
3100451,Latin Simone (Que Pasa Contigo),Gorillaz,Gorillaz,445.888,218000,False,0.8,0.75,0,-6.5,1,0.08,0.2,0.02,0.14,0.72,105.0,4,latin
686720912,Latina (feat. Maluma),Reykon,Latina (feat. Maluma),453.095,226000,False,0.8,0.75,0,-6.5,1,0.08,0.2,0.02,0.14,0.72,105.0,4,latin
2853398732,Se fue la luz,Latin Mafia,Se fue la luz,478.433,212000,False,0.8,0.75,0,-6.5,1,0.08,0.2,0.02,0.14,0.72,105.0,4,latin
76066869,La La La,Shakira,Shakira. (Expanded Edition) (Spanish Version),714.361,186000,False,0.8,0.75,0,-6.5,1,0.08,0.2,0.02,0.14,0.72,105.0,4,latin
2853363512,Continuo Atardecer,Latin Mafia,Continuo Atardecer,435.144,166000,False,0.8,0.75,0,-6.5,1,0.08,0.2,0.02,0.14,0.72,105.0,4,latin
3055969771,nunca he sido honesto.,Latin Mafia,TODOS LOS DÍAS TODO EL DÍA,433.844,176000,True,0.8,0.75,0,-6.5,1,0.08,0.2,0.02,0.14,0.72,105.0,4,latin
3360561641,Latina,Nosky,Latina,446.407,131000,False,0.8,0.75,0,-6.5,1,0.08,0.2,0.02,0.14,0.72,105.0,4,latin
85912367,Latin Thugs (feat. Tego Calderón),Cypress Hill,The Essential Cypress Hill,423.173,227000,True,0.8,0.75,0,-6.5,1,0.08,0.2,0.02,0.14,0.72,105.0,4,latin
3719826852,Latin Gabber,Joost,Latin Gabber,438.517,96000,False,0.8,0.75,0,-6.5,1,0.08,0.2,0.02,0.14,0.72,105.0,4,latin
35946861,Latin Note,St Germain,Tourist (Remastered),420.068,354000,False,0.8,0.75,0,-6.5,1,0.08,0.2,0.02,0.14,0.72,105.0,4,latin
962887142,DESPACITO (French),Brigitte,LATIN FRENCH,627.678,192000,False,0.8,0.75,0,-6.5,1,0.08,0.2,0.02,0.14,0.72,105.0,4,latin
3992169981,Latin,Inot,The Inot Show II Atto,100.0,245000,False,0.8,0.75,0,-6.5,1,0.08,0.2,0.02,0.14,0.72,105.0,4,latin
3564865,Azul,Latin Band,Mueve La Colita,369.954,258000,False,0.8,0.75,0,-6.5,1,0.08,0.2,0.02,0.14,0.72,105.0,4,latin
3997839981,LATIN (feat. Chung),9F,LATIN,100.0,166000,False,0.8,0.75,0,-6.5,1,0.08,0.2,0.02,0.14,0.72,105.0,4,latin
3984917241,Latin,Heizmann,Latin,100.0,199000,False,0.8,0.75,0,-6.5,1,0.08,0.2,0.02,0.14,0.72,105.0,4,latin
2680831422,"Patadas de Ahogado / LATÍN MAFIA, HUMBE",HUGEL,"Patadas de Ahogado / LATÍN MAFIA, HUMBE",740.228,186000,False,0.8,0.75,0,-6.5,1,0.08,0.2,0.02,0.14,0.72,105.0,4,latin
2281513317,El Raton,Los Invasores,Latin Jazz (Para ti),381.111,207000,False,0.8,0.75,0,-6.5,1,0.08,0.2,0.02,0.14,0.72,105.0,4,latin
3670736372,Zumba He Zumba Ha,Don Lore V,Latino Hits Forever,554.77,190000,False,0.8,0.75,0,-6.5,1,0.08,0.2,0.02,0.14,0.72,105.0,4,latin
130871026,Las Caleñas Son Como Las Flores,The Latin Brothers,"Narcos, Vol. 2 (More Music from the Netflix Original Series)",373.717,236000,False,0.8,0.75,0,-6.5,1,0.08,0.2,0.02,0.14,0.72,105.0,4,latin
1667620562,Latin Parang,Colleen Grant,Latin Parang / Parang Jam,371.337,396000,False,0.8,0.75,0,-6.5,1,0.08,0.2,0.02,0.14,0.72,105.0,4,latin
3657161122,Latin Girl,Claudia Arenas,Latin Girl,340.364,163000,False,0.8,0.75,0,-6.5,1,0.08,0.2,0.02,0.14,0.72,105.0,4,latin
2853363242,Más humano,Latin Mafia,Más humano,404.076,187000,False,0.8,0.75,0,-6.5,1,0.08,0.2,0.02,0.14,0.72,105.0,4,latin
3055969811,pero me estoy acabando.,Latin Mafia,TODOS LOS DÍAS TODO EL DÍA,405.356,166000,True,0.8,0.75,0,-6.5,1,0.08,0.2,0.02,0.14,0.72,105.0,4,latin
3055969801,vivo si me exiges,Latin Mafia,TODOS LOS DÍAS TODO EL DÍA,404.588,186000,True,0.8,0.75,0,-6.5,1,0.08,0.2,0.02,0.14,0.72,105.0,4,latin
3055969761,y como te digo que,Latin Mafia,TODOS LOS DÍAS TODO EL DÍA,372.495,160000,False,0.8,0.75,0,-6.5,1,0.08,0.2,0.02,0.14,0.72,105.0,4,latin
3055969791,"sentado aquí,",Latin Mafia,TODOS LOS DÍAS TODO EL DÍA,383.416,162000,True,0.8,0.75,0,-6.5,1,0.08,0.2,0.02,0.14,0.72,105.0,4,latin
2630853392,Quiero una Chica,Latin Dreams,Quiero Una Chica,374.087,205000,False,0.8,0.75,0,-6.5,1,0.08,0.2,0.02,0.14,0.72,105.0,4,latin
3358533151,mal comunicada,AKRIILA,epistolares+,359.58,271000,False,0.8,0.75,0,-6.5,1,0.08,0.2,0.02,0.14,0.72,105.0,4,latin
3635576852,Latin Lover,Jean-Jacques Lafon,Latin Lover,301.005,210000,False,0.8,0.75,0,-6.5,1,0.08,0.2,0.02,0.14,0.72,105.0,4,latin
3277989661,Ciudad de las luces,Latin Mafia,Ciudad de las luces,367.599,194000,False,0.8,0.75,0,-6.5,1,0.08,0.2,0.02,0.14,0.72,105.0,4,latin
3055969851,tengo mucho ruido.,Latin Mafia,TODOS LOS DÍAS TODO EL DÍA,355.888,201000,False,0.8,0.75,0,-6.5,1,0.08,0.2,0.02,0.14,0.72,105.0,4,latin
2853363502,Perlas,Latin Mafia,Perlas,344.235,166000,False,0.8,0.75,0,-6.5,1,0.08,0.2,0.02,0.14,0.72,105.0,4,latin
1501838782,Vuelve,Latin Dreams,Quiero Una Chica,364.324,186000,False,0.8,0.75,0,-6.5,1,0.08,0.2,0.02,0.14,0.72,105.0,4,latin
5745313,Latin Girl,Théorem',Good Friend,298.028,293000,False,0.8,0.75,0,-6.5,1,0.08,0.2,0.02,0.14,0.72,105.0,4,latin
427251062,Hara Mou,George Dalaras,Latin (Remastered),312.492,182000,False,0.8,0.75,0,-6.5,1,0.08,0.2,0.02,0.14,0.72,105.0,4,latin
117244000,Latin Strut,Joe Bataan,Soul Jazz Records Presents Nu Yorica! Culture Clash In New York City: Experiments In Latin Music 1970-77,364.694,245000,False,0.8,0.75,0,-6.5,1,0.08,0.2,0.02,0.14,0.72,105.0,4,latin
110959072,Latin Lover,Gianna Nannini,Hitstory Deluxe Edition,331.924,275000,False,0.8,0.75,0,-6.5,1,0.08,0.2,0.02,0.14,0.72,105.0,4,latin
3055969781,Me estoy cayendo,Latin Mafia,TODOS LOS DÍAS TODO EL DÍA,343.311,171000,False,0.8,0.75,0,-6.5,1,0.08,0.2,0.02,0.14,0.72,105.0,4,latin
3142016821,Siento que merezco más - A COLORS SHOW,Latin Mafia,Siento que merezco más - A COLORS SHOW,343.234,153000,False,0.8,0.75,0,-6.5,1,0.08,0.2,0.02,0.14,0.72,105.0,4,latin
3925359241,brazilian love,BROWNIE,latin lounge,450.41,271000,False,0.8,0.75,0,-6.5,1,0.08,0.2,0.02,0.14,0.72,105.0,4,latin
1103869142,Bata Bata 2,Latin Fresh,Sábado de Halloween,354.512,208000,False,0.8,0.75,0,-6.5,1,0.08,0.2,0.02,0.14,0.72,105.0,4,latin
3253500491,El Monstruo de la Laguna,LATIN SHOW,Cumbia Kids,391.454,180000,False,0.8,0.75,0,-6.5,1,0.08,0.2,0.02,0.14,0.72,105.0,4,latin
3892987551,Ciempiés,Paskman,Ciempiés,382.989,173000,False,0.8,0.75,0,-6.5,1,0.08,0.2,0.02,0.14,0.72,105.0,4,latin
3055969821,Qué vamos a hacer?,Latin Mafia,TODOS LOS DÍAS TODO EL DÍA,316.961,132000,True,0.8,0.75,0,-6.5,1,0.08,0.2,0.02,0.14,0.72,105.0,4,latin
124185042,Desde Esa Noche (feat. Maluma),Thalia,Latina,540.759,228000,False,0.8,0.75,0,-6.5,1,0.08,0.2,0.02,0.14,0.72,105.0,4,latin
119495060,Ven Báilalo (Radio Edit),Latin Connexion,Ven Báilalo,350.148,188000,False,0.8,0.75,0,-6.5,1,0.08,0.2,0.02,0.14,0.72,105.0,4,latin
85912313,Latin Lingo,Cypress Hill,The Essential Cypress Hill,310.587,240000,True,0.8,0.75,0,-6.5,1,0.08,0.2,0.02,0.14,0.72,105.0,4,latin
1123863,Latin Goes Ska,The Skatalites,Ball Of Fire,297.595,283000,False,0.8,0.75,0,-6.5,1,0.08,0.2,0.02,0.14,0.72,105.0,4,latin
654257552,Mentirosa,Ráfaga,Latin Cumbia Fever,546.395,194000,False,0.8,0.75,0,-6.5,1,0.08,0.2,0.02,0.14,0.72,105.0,4,latin
3092791411,Persona Favorita,Jesse Baez,HENRY,320.609,207000,False,0.8,0.75,0,-6.5,1,0.08,0.2,0.02,0.14,0.72,105.0,4,latin
3818553181,Lover,Bautista,Lover,295.613,185000,False,0.8,0.75,0,-6.5,1,0.08,0.2,0.02,0.14,0.72,105.0,4,latin
1238776492,Amor Mio,Frank Sark,Latin Crooners,456.352,102000,False,0.8,0.75,0,-6.5,1,0.08,0.2,0.02,0.14,0.72,105.0,4,latin
3484471621,DALE,Latin Deejays,DALE,397.945,170000,False,0.8,0.75,0,-6.5,1,0.08,0.2,0.02,0.14,0.72,105.0,4,latin
3712994612,Trompeta,Latin Deejays,Trompeta,442.2,124000,False,0.8,0.75,0,-6.5,1,0.08,0.2,0.02,0.14,0.72,105.0,4,latin
13243979,A Voz do Morro,Zé Keti,Latin Grooves - Samba,428.974,120000,False,0.8,0.75,0,-6.5,1,0.08,0.2,0.02,0.14,0.72,105.0,4,latin
427250942,Al Bohio,George Dalaras,Latin (Remastered),233.682,223000,False,0.8,0.75,0,-6.5,1,0.08,0.2,0.02,0.14,0.72,105.0,4,latin
104826136,Save Tonight ((Chachacha / 30 Bpm)),Ballroom Orchestra & Singers,Latin Unplugged,370.061,238000,False,0.8,0.75,0,-6.5,1,0.08,0.2,0.02,0.14,0.72,105.0,4,latin
2841661802,Latin,Rasmus Stone,Latin,56.211,164000,False,0.8,0.75,0,-6.5,1,0.08,0.2,0.02,0.14,0.72,105.0,4,latin
3344582851,Medellín,Jesus Fernandez,Medellín,377.183,142000,False,0.8,0.75,0,-6.5,1,0.08,0.2,0.02,0.14,0.72,105.0,4,latin
85429756,Description De Un Sueno,Compay Segundo,Latin Classics - Compay Segundo,409.986,174000,False,0.8,0.75,0,-6.5,1,0.08,0.2,0.02,0.14,0.72,105.0,4,latin
60905317,Fleur d'ébène,Jamice,Latin' Love,331.953,232000,False,0.8,0.75,0,-6.5,1,0.08,0.2,0.02,0.14,0.72,105.0,4,latin
977297422,Latin Cardio,Yafre Wolf,Música para Centro Comercial Tiendas y Restaurantes,202.866,228000,False,0.8,0.75,0,-6.5,1,0.08,0.2,0.02,0.14,0.72,105.0,4,latin
427250902,Historia De Un Amor,George Dalaras,Latin (Remastered),209.09,208000,False,0.8,0.75,0,-6.5,1,0.08,0.2,0.02,0.14,0.72,105.0,4,latin
638833,Vou Festejar,Beth Carvalho,Latin Grooves - Samba,348.268,189000,False,0.8,0.75,0,-6.5,1,0.08,0.2,0.02,0.14,0.72,105.0,4,latin
826392652,Skápate,Los de Abajo,Latin Ska Force,381.823,217000,False,0.8,0.75,0,-6.5,1,0.08,0.2,0.02,0.14,0.72,105.0,4,latin
63265927,Commandante Che Guevara,Estudiantina Invasora,Latin Noir,355.384,312000,False,0.8,0.75,0,-6.5,1,0.08,0.2,0.02,0.14,0.72,105.0,4,latin
5867266,Latin America,Holy Fuck,Latin,110.442,289000,False,0.8,0.75,0,-6.5,1,0.08,0.2,0.02,0.14,0.72,105.0,4,latin
3121601431,Don't Let Me Be Misunderstood,Santa Esmeralda,Latin Disco,283.556,195000,False,0.8,0.75,0,-6.5,1,0.08,0.2,0.02,0.14,0.72,105.0,4,latin
5867265,Red Lights,Holy Fuck,Latin,160.586,228000,False,0.8,0.75,0,-6.5,1,0.08,0.2,0.02,0.14,0.72,105.0,4,latin
427250972,La Malagueña,George Dalaras,Latin (Remastered),209.279,282000,False,0.8,0.75,0,-6.5,1,0.08,0.2,0.02,0.14,0.72,105.0,4,latin
427251042,Afto To Mabo To Brazilero,Alkistis Protopsalti,Latin (Remastered),150.0,154000,False,0.8,0.75,0,-6.5,1,0.08,0.2,0.02,0.14,0.72,105.0,4,latin
389233441,Te De Campana,Atomic Otro Way,"Latin Hits 2016 Summer - 60 Latin Music Hits (Reggaeton, Urbano, Salsa, Bachata, Dembow, Merengue, Timba, Cubaton Kuduro, Latin Fitness)",410.944,198000,False,0.8,0.75,0,-6.5,1,0.08,0.2,0.02,0.14,0.72,105.0,4,latin
3223573241,LATIN,LLYOR,LATIN,26.206,160000,False,0.8,0.75,0,-6.5,1,0.08,0.2,0.02,0.14,0.72,105.0,4,latin
687112682,Jive Samba,Gerry Woo,Latin Percussion With Soul,362.793,272000,False,0.8,0.75,0,-6.5,1,0.08,0.2,0.02,0.14,0.72,105.0,4,latin
1095826012,Latin Heat Live Mix 4,DJ Nicky Sensation,Latin Heat Vol. 1,256.396,410000,True,0.8,0.75,0,-6.5,1,0.08,0.2,0.02,0.14,0.72,105.0,4,latin
1370226982,Lágrimas Negras,Isaac et Nora,Latin & Love Studies,242.892,208000,False,0.8,0.75,0,-6.5,1,0.08,0.2,0.02,0.14,0.72,105.0,4,latin
81840646,The Girl from Ipanema,Antonio Carlos Jobim,Latin Classics: Antônio Carlos Jobim,379.806,325000,False,0.8,0.75,0,-6.5,1,0.08,0.2,0.02,0.14,0.72,105.0,4,latin
1370226932,Veinte Años,Isaac et Nora,Latin & Love Studies,325.962,212000,False,0.8,0.75,0,-6.5,1,0.08,0.2,0.02,0.14,0.72,105.0,4,latin
548127272,Open Mic,Latin,Open Mic,28.65,149000,False,0.8,0.75,0,-6.5,1,0.08,0.2,0.02,0.14,0.72,105.0,4,latin
997861972,Dentro,Latin,Dentro,18.327,164000,False,0.8,0.75,0,-6.5,1,0.08,0.2,0.02,0.14,0.72,105.0,4,latin
1335960442,Dejo Pista,Latin,Dejo Pista,26.518,142000,False,0.8,0.75,0,-6.5,1,0.08,0.2,0.02,0.14,0.72,105.0,4,latin
1525860852,El Tiburón,Proyecto Uno,Latin Hits Summer 2019,360.286,260000,False,0.8,0.75,0,-6.5,1,0.08,0.2,0.02,0.14,0.72,105.0,4,latin
130851734,Fly Me to the Moon (In Other Words),Doris Day,Latin For Lovers,306.051,153000,False,0.8,0.75,0,-6.5,1,0.08,0.2,0.02,0.14,0.72,105.0,4,latin
2019405687,Profit,Latin,Profit,21.853,138000,False,0.8,0.75,0,-6.5,1,0.08,0.2,0.02,0.14,0.72,105.0,4,latin
4076411,Ultimatum,Quartier Latin,Ultimatum,359.527,460000,False,0.8,0.75,0,-6.5,1,0.08,0.2,0.02,0.14,0.72,105.0,4,latin
2199373437,Latin,RAUL,Latin,13.975,202000,False,0.8,0.75,0,-6.5,1,0.08,0.2,0.02,0.14,0.72,105.0,4,latin
1525860782,Bum Bum Tam Tam,MC Fioti,Latin Hits Summer 2019,361.172,155000,False,0.8,0.75,0,-6.5,1,0.08,0.2,0.02,0.14,0.72,105.0,4,latin
826392772,Labios Rojos,Los de Abajo,Latin Ska Force,288.186,219000,False,0.8,0.75,0,-6.5,1,0.08,0.2,0.02,0.14,0.72,105.0,4,latin
3679824192,Criminal,C Marí,Latin Lover Songs the Mixtape,320.268,174000,False,0.8,0.75,0,-6.5,1,0.08,0.2,0.02,0.14,0.72,105.0,4,latin
2222477617,Latin,Solid Deep,Exil,26.441,245000,False,0.8,0.75,0,-6.5,1,0.08,0.2,0.02,0.14,0.72,105.0,4,latin
1095826072,Latin Heat Live Mix 10,DJ Nicky Sensation,Latin Heat Vol. 1,146.762,391000,True,0.8,0.75,0,-6.5,1,0.08,0.2,0.02,0.14,0.72,105.0,4,latin
1662919172,Latin,OlexandrMusic,"Legacy, Vol. 2",26.377,141000,False,0.8,0.75,0,-6.5,1,0.08,0.2,0.02,0.14,0.72,105.0,4,latin
427250922,"Alma, Corazon Y Vida",George Dalaras,Latin (Remastered),167.81,211000,False,0.8,0.75,0,-6.5,1,0.08,0.2,0.02,0.14,0.72,105.0,4,latin
102764188,Latin,Ellery Eskelin,Forms,26.64,556000,False,0.8,0.75,0,-6.5,1,0.08,0.2,0.02,0.14,0.72,105.0,4,latin
5867267,Stay Lit,Holy Fuck,Latin,177.838,199000,False,0.8,0.75,0,-6.5,1,0.08,0.2,0.02,0.14,0.72,105.0,4,latin
3089817001,Latin (Live),Noggeler Guuggenmusig Luzern,Noggeler Live 1991,13.517,298000,False,0.8,0.75,0,-6.5,1,0.08,0.2,0.02,0.14,0.72,105.0,4,latin
427251022,Den Thelo Pia Na Xanarthis,George Dalaras,Latin (Remastered),172.463,192000,False,0.8,0.75,0,-6.5,1,0.08,0.2,0.02,0.14,0.72,105.0,4,latin
16027994,Dança Kuduro (Danza Kuduro),Latino,Dança Kuduro (Danza Kuduro),377.646,199000,False,0.8,0.75,0,-6.5,1,0.08,0.2,0.02,0.14,0.72,105.0,4,latin
91574010,Bailando (Official Salsa Version),Issac Delgado,"Latin Fitness 2015 - Workout Party Music (Latin Hits ideal for Running, Fat Burning, Aerobic, Gym, Cardio, Training, Exercise)",307.511,273000,False,0.8,0.75,0,-6.5,1,0.08,0.2,0.02,0.14,0.72,105.0,4,latin
108875628,Droit de véto,Koffi Olomide,Droit de véto,402.515,398000,False,0.8,0.75,0,-6.5,1,0.08,0.2,0.02,0.14,0.72,105.0,4,latin
16462998,Europe's Living a Celebration,Latin Dance Band,Hits Latinos,160.14,174000,False,0.8,0.75,0,-6.5,1,0.08,0.2,0.02,0.14,0.72,105.0,4,latin
2518601131,Tropical,Izabella Creator BM,Latin,115.004,160000,False,0.8,0.75,0,-6.5,1,0.08,0.2,0.02,0.14,0.72,105.0,4,latin
2403487855,De pies a cabeza,Mana,Latin Party Hits - Ritmo de la Noche - From EDM to Latino Pop,363.938,250000,False,0.8,0.75,0,-6.5,1,0.08,0.2,0.02,0.14,0.72,105.0,4,latin
2399388705,Taki Taki,DJ Snake,Latin Rhythm - The Best Reggeaton Club Hits,349.043,213000,False,0.8,0.75,0,-6.5,1,0.08,0.2,0.02,0.14,0.72,105.0,4,latin
16463007,Mariana Mambo,Latin Dance Band,Hits Latinos,151.883,237000,False,0.8,0.75,0,-6.5,1,0.08,0.2,0.02,0.14,0.72,105.0,4,latin
16463011,Perdóname,Latin Dance Band,Hits Latinos,151.883,208000,False,0.8,0.75,0,-6.5,1,0.08,0.2,0.02,0.14,0.72,105.0,4,latin
16462999,Fruta Fresca,Latin Dance Band,Hits Latinos,151.883,234000,False,0.8,0.75,0,-6.5,1,0.08,0.2,0.02,0.14,0.72,105.0,4,latin
1940872517,La Tierra Canta,Maranatha! Latin,Entre Cielo y Tierra,293.511,406000,False,0.8,0.75,0,-6.5,1,0.08,0.2,0.02,0.14,0.72,105.0,4,latin
16463006,La Flaca,Latin Dance Band,Hits Latinos,151.883,225000,False,0.8,0.75,0,-6.5,1,0.08,0.2,0.02,0.14,0.72,105.0,4,latin
16463004,Inocencia en Tus Ojos,Latin Dance Band,Hits Latinos,151.883,207000,False,0.8,0.75,0,-6.5,1,0.08,0.2,0.02,0.14,0.72,105.0,4,latin
95233036,Burning,Latin,Love,0.009,246000,False,0.8,0.75,0,-6.5,1,0.08,0.2,0.02,0.14,0.72,105.0,4,latin
3576893361,Cukup Aku Yang Rasakan,Latin,Cukup Aku Yang Rasakan,100.0,281000,False,0.8,0.75,0,-6.5,1,0.08,0.2,0.02,0.14,0.72,105.0,4,latin
95233016,Love Toy,Latin,Love,3.095,217000,False,0.8,0.75,0,-6.5,1,0.08,0.2,0.02,0.14,0.72,105.0,4,latin
16463013,Sámbame 2003,Latin Dance Band,Hits Latinos,148.36,202000,False,0.8,0.75,0,-6.5,1,0.08,0.2,0.02,0.14,0.72,105.0,4,latin
16463015,Un Beso Más,Latin Dance Band,Hits Latinos,110.23,198000,False,0.8,0.75,0,-6.5,1,0.08,0.2,0.02,0.14,0.72,105.0,4,latin
3410081271,Tu Ta Rica,Latin Deejays,Tu Ta Rica,410.413,157000,False,0.8,0.75,0,-6.5,1,0.08,0.2,0.02,0.14,0.72,105.0,4,latin
1259705,Kulikitaka Ti,Merengue Latin Band,Merengue Caliente,418.764,267000,False,0.8,0.75,0,-6.5,1,0.08,0.2,0.02,0.14,0.72,105.0,4,latin
12808207,Tengo un amor,Latin Band,"Bachata Best Hits Collection, Vol. 2",131.543,261000,False,0.8,0.75,0,-6.5,1,0.08,0.2,0.02,0.14,0.72,105.0,4,latin
862319712,Drogba (Joanna) (Global Latin Version),Afro B,Drogba (Joanna) (Global Latin Version),462.717,197000,False,0.8,0.75,0,-6.5,1,0.08,0.2,0.02,0.14,0.72,105.0,4,latin
95233012,Can You Feel Me,Latin,Love,2.226,244000,False,0.8,0.75,0,-6.5,1,0.08,0.2,0.02,0.14,0.72,105.0,4,latin
16463012,Que el Ritmo No Pare,Latin Dance Band,Hits Latinos,146.671,224000,False,0.8,0.75,0,-6.5,1,0.08,0.2,0.02,0.14,0.72,105.0,4,latin
3367048531,Que No Pare La Fiesta,Latin Deejays,Que No Pare La Fiesta,392.978,139000,False,0.8,0.75,0,-6.5,1,0.08,0.2,0.02,0.14,0.72,105.0,4,latin
16463003,Hooked On a Feeling,Latin Dance Band,Hits Latinos,144.815,306000,False,0.8,0.75,0,-6.5,1,0.08,0.2,0.02,0.14,0.72,105.0,4,latin
3538999961,Toca Las Palmas,Latin Deejays,Toca Las Palmas,376.541,106000,False,0.8,0.75,0,-6.5,1,0.08,0.2,0.02,0.14,0.72,105.0,4,latin
3122186541,Pharmacien,Koffi Olomide,Danger de Mort,402.594,367000,False,0.8,0.75,0,-6.5,1,0.08,0.2,0.02,0.14,0.72,105.0,4,latin
95233030,I Love You,Latin,Love,0.007,226000,False,0.8,0.75,0,-6.5,1,0.08,0.2,0.02,0.14,0.72,105.0,4,latin
95233032,Love You More Today,Latin,Love,2.222,208000,False,0.8,0.75,0,-6.5,1,0.08,0.2,0.02,0.14,0.72,105.0,4,latin
621543642,Minimal,Latin,Minimal,26.991,92000,False,0.8,0.75,0,-6.5,1,0.08,0.2,0.02,0.14,0.72,105.0,4,latin
683904802,Incendios,Latin,Incendios,15.799,188000,False,0.8,0.75,0,-6.5,1,0.08,0.2,0.02,0.14,0.72,105.0,4,latin
16463008,Me Muero,Latin Dance Band,Hits Latinos,140.957,190000,False,0.8,0.75,0,-6.5,1,0.08,0.2,0.02,0.14,0.72,105.0,4,latin
3874677341,Terlambat Tuk Sadari,Latin,Terlambat Tuk Sadari,100.0,232000,False,0.8,0.75,0,-6.5,1,0.08,0.2,0.02,0.14,0.72,105.0,4,latin
95233034,How Long,Latin,Love,0.007,212000,False,0.8,0.75,0,-6.5,1,0.08,0.2,0.02,0.14,0.72,105.0,4,latin
6123969,Preso,The Latin Brothers,Sabor a Salsa,373.719,295000,False,0.8,0.75,0,-6.5,1,0.08,0.2,0.02,0.14,0.72,105.0,4,latin
16463010,El de los Ojos Negros,Latin Dance Band,Hits Latinos,142.446,247000,False,0.8,0.75,0,-6.5,1,0.08,0.2,0.02,0.14,0.72,105.0,4,latin
95233020,My Heart's On Fire,Latin,Love,0.008,285000,False,0.8,0.75,0,-6.5,1,0.08,0.2,0.02,0.14,0.72,105.0,4,latin
95233038,My Amour,Latin,Love,0.008,217000,False,0.8,0.75,0,-6.5,1,0.08,0.2,0.02,0.14,0.72,105.0,4,latin
16463002,Happy World,Latin Dance Band,Hits Latinos,139.966,209000,False,0.8,0.75,0,-6.5,1,0.08,0.2,0.02,0.14,0.72,105.0,4,latin
95233028,I'm Not Giving Up On You,Latin,Love,26.481,197000,False,0.8,0.75,0,-6.5,1,0.08,0.2,0.02,0.14,0.72,105.0,4,latin
95233018,She Drives Me Wild,Latin,Love,0.005,301000,False,0.8,0.75,0,-6.5,1,0.08,0.2,0.02,0.14,0.72,105.0,4,latin
16463000,Golosa,Latin Dance Band,Hits Latinos,138.292,242000,False,0.8,0.75,0,-6.5,1,0.08,0.2,0.02,0.14,0.72,105.0,4,latin
16463005,La Bilirrubina,Latin Dance Band,Hits Latinos,138.292,240000,False,0.8,0.75,0,-6.5,1,0.08,0.2,0.02,0.14,0.72,105.0,4,latin
16463001,Guerra Fría,Latin Dance Band,Hits Latinos,138.292,173000,False,0.8,0.75,0,-6.5,1,0.08,0.2,0.02,0.14,0.72,105.0,4,latin
427250932,Una Moneda Le Di,George Dalaras,Latin (Remastered),131.951,254000,False,0.8,0.75,0,-6.5,1,0.08,0.2,0.02,0.14,0.72,105.0,4,latin
2542255011,Te Mueves ( Latin Black ),BENI ROY,Te Mueves ( Latin Black ),294.928,161000,False,0.8,0.75,0,-6.5,1,0.08,0.2,0.02,0.14,0.72,105.0,4,latin
6446585,Amigo Fura-Olho,Latino,Junto e Misturado,434.197,274000,False,0.8,0.75,0,-6.5,1,0.08,0.2,0.02,0.14,0.72,105.0,4,latin
6305031,Renata,Latino,Latino Apresenta as Aventuras de DJ L - Festa no Apê,362.776,199000,False,0.8,0.75,0,-6.5,1,0.08,0.2,0.02,0.14,0.72,105.0,4,latin
1776833457,Me Leva,Companhia do kaprixxo,Relíquias,370.096,130000,False,0.8,0.75,0,-6.5,1,0.08,0.2,0.02,0.14,0.72,105.0,4,latin
1192438252,Calentándome el ártico,Latin,Calentándome el ártico,29.63,153000,False,0.8,0.75,0,-6.5,1,0.08,0.2,0.02,0.14,0.72,105.0,4,latin
95233024,I Need No Other One,Latin,Love,0.009,222000,False,0.8,0.75,0,-6.5,1,0.08,0.2,0.02,0.14,0.72,105.0,4,latin
95233026,Love Conquers All,Latin,Love,0.006,223000,False,0.8,0.75,0,-6.5,1,0.08,0.2,0.02,0.14,0.72,105.0,4,latin
3367179561,Latin Guitar,TRIBALISSIMO,Latin Guitar,299.891,184000,False,0.8,0.75,0,-6.5,1,0.08,0.2,0.02,0.14,0.72,105.0,4,latin
3122186511,Danger de Mort,Koffi Olomide,Danger de Mort,385.217,479000,False,0.8,0.75,0,-6.5,1,0.08,0.2,0.02,0.14,0.72,105.0,4,latin
2640342522,Kingsize Guaguaco,Latin Society,Latin,21.623,184000,False,0.8,0.75,0,-6.5,1,0.08,0.2,0.02,0.14,0.72,105.0,4,latin
3866450641,Selalu Ku Doakan,Latin,Selalu Ku Doakan,100.0,266000,False,0.8,0.75,0,-6.5,1,0.08,0.2,0.02,0.14,0.72,105.0,4,latin
95233014,Beautiful,Latin,Love,0.013,234000,False,0.8,0.75,0,-6.5,1,0.08,0.2,0.02,0.14,0.72,105.0,4,latin
795665462,Momentum,Latin,Momentum,8.788,146000,False,0.8,0.75,0,-6.5,1,0.08,0.2,0.02,0.14,0.72,105.0,4,latin
9470935,Chocolate,Latin,Unity..The Compilation,0.008,221000,False,0.8,0.75,0,-6.5,1,0.08,0.2,0.02,0.14,0.72,105.0,4,latin
16463016,Witch Doctor,Latin Dance Band,Hits Latinos,132.381,184000,False,0.8,0.75,0,-6.5,1,0.08,0.2,0.02,0.14,0.72,105.0,4,latin
108875632,Sens inverse,Koffi Olomide,Droit de véto,360.121,246000,False,0.8,0.75,0,-6.5,1,0.08,0.2,0.02,0.14,0.72,105.0,4,latin
1044728412,Latin,GeeForce101,4th Attempt,20.998,313000,False,0.8,0.75,0,-6.5,1,0.08,0.2,0.02,0.14,0.72,105.0,4,latin
2094677127,Latin,John Laurence,Latin,100.0,396000,False,0.8,0.75,0,-6.5,1,0.08,0.2,0.02,0.14,0.72,105.0,4,latin
3434796611,Latin,Maurizio Carlini,"Soft Themes (Colonna sonora originale del Programma Tv ""Uno Mattina"")",100.0,341000,False,0.8,0.75,0,-6.5,1,0.08,0.2,0.02,0.14,0.72,105.0,4,latin
136334560,Losing My Religion,R.E.M.,Out Of Time,942.058,266000,False,0.72,0.6,1,-7.5,0,0.12,0.25,0.02,0.1,0.58,90.0,4,r&b
3616144112,Raindance,Dave,The Boy Who Played the Harp,995.17,221000,False,0.72,0.6,1,-7.5,0,0.12,0.25,0.02,0.1,0.58,90.0,4,r&b
3548216281,WHERE IS MY HUSBAND!,RAYE,WHERE IS MY HUSBAND!,991.846,197000,False,0.72,0.6,1,-7.5,0,0.12,0.25,0.02,0.1,0.58,90.0,4,r&b
3862146531,Jamie Bynoe-Gittens,PLK,Grand Garçon,969.64,140000,False,0.72,0.6,1,-7.5,0,0.12,0.25,0.02,0.1,0.58,90.0,4,r&b
13529563,Only Girl (In The World),Rihanna,Loud,965.751,235000,False,0.72,0.6,1,-7.5,0,0.12,0.25,0.02,0.1,0.58,90.0,4,r&b
3867905081,Risk It All,Bruno Mars,The Romantic,996.648,204000,False,0.72,0.6,1,-7.5,0,0.12,0.25,0.02,0.1,0.58,90.0,4,r&b
138547415,Creep,Radiohead,Pablo Honey,978.547,238000,True,0.72,0.6,1,-7.5,0,0.12,0.25,0.02,0.1,0.58,90.0,4,r&b
3571311501,La recette,Jeck,Oxygène,968.242,182000,False,0.72,0.6,1,-7.5,0,0.12,0.25,0.02,0.1,0.58,90.0,4,r&b
3640140952,La Perla,ROSALÍA,LUX,963.236,195000,True,0.72,0.6,1,-7.5,0,0.12,0.25,0.02,0.1,0.58,90.0,4,r&b
3809346722,B.M.S (by my side),Rambo goyard,B.M.S (by my side),998.709,125000,True,0.72,0.6,1,-7.5,0,0.12,0.25,0.02,0.1,0.58,90.0,4,r&b
3960690091,Rihanna,Joé Dwet Filé,Rihanna,988.437,208000,True,0.72,0.6,1,-7.5,0,0.12,0.25,0.02,0.1,0.58,90.0,4,r&b
1685337397,LA FAMA,ROSALÍA,MOTOMAMI,956.715,188000,False,0.72,0.6,1,-7.5,0,0.12,0.25,0.02,0.1,0.58,90.0,4,r&b
3911003941,PROMENADE,La Rvfleuze,Numéro d'écrou,989.692,163000,True,0.72,0.6,1,-7.5,0,0.12,0.25,0.02,0.1,0.58,90.0,4,r&b
925108,Don't Stop The Music,Rihanna,Good Girl Gone Bad: Reloaded,987.446,267000,False,0.72,0.6,1,-7.5,0,0.12,0.25,0.02,0.1,0.58,90.0,4,r&b
8086126,Rolling in the Deep,Adele,21,937.444,228000,False,0.72,0.6,1,-7.5,0,0.12,0.25,0.02,0.1,0.58,90.0,4,r&b
61424044,Can't Hold Us (feat. Ray Dalton),Macklemore,The Heist,998.821,258000,False,0.72,0.6,1,-7.5,0,0.12,0.25,0.02,0.1,0.58,90.0,4,r&b
3911003931,PARLU,La Rvfleuze,Numéro d'écrou,972.117,141000,True,0.72,0.6,1,-7.5,0,0.12,0.25,0.02,0.1,0.58,90.0,4,r&b
3732618262,AVEC MOI,RnBoi,AVEC MOI,999.577,182000,True,0.72,0.6,1,-7.5,0,0.12,0.25,0.02,0.1,0.58,90.0,4,r&b
15593563,Remember the Time,Michael Jackson,Dangerous,955.589,239000,False,0.72,0.6,1,-7.5,0,0.12,0.25,0.02,0.1,0.58,90.0,4,r&b
3837291721,Argent Sale - A COLORS SHOW,La Rvfleuze,Argent Sale - A COLORS SHOW,999.415,164000,True,0.72,0.6,1,-7.5,0,0.12,0.25,0.02,0.1,0.58,90.0,4,r&b
3911003831,MACHIAVEL,La Rvfleuze,Numéro d'écrou,989.564,161000,True,0.72,0.6,1,-7.5,0,0.12,0.25,0.02,0.1,0.58,90.0,4,r&b
3911003891,CRYPTO,La Rvfleuze,Numéro d'écrou,988.928,178000,True,0.72,0.6,1,-7.5,0,0.12,0.25,0.02,0.1,0.58,90.0,4,r&b
1841999507,DESPECHÁ,ROSALÍA,DESPECHÁ,943.862,157000,True,0.72,0.6,1,-7.5,0,0.12,0.25,0.02,0.1,0.58,90.0,4,r&b
6461440,Love The Way You Lie,Eminem,Recovery,932.417,263000,True,0.72,0.6,1,-7.5,0,0.12,0.25,0.02,0.1,0.58,90.0,4,r&b
2330156145,Monde,Luidji,Saison 00,939.687,216000,False,0.72,0.6,1,-7.5,0,0.12,0.25,0.02,0.1,0.58,90.0,4,r&b
925106,Umbrella,Rihanna,Good Girl Gone Bad: Reloaded,958.984,275000,False,0.72,0.6,1,-7.5,0,0.12,0.25,0.02,0.1,0.58,90.0,4,r&b
725274,Californication,Red Hot Chili Peppers,Californication (Deluxe Edition),957.783,329000,False,0.72,0.6,1,-7.5,0,0.12,0.25,0.02,0.1,0.58,90.0,4,r&b
3733771762,P.I.B,La Rvfleuze,P.I.B,942.06,132000,True,0.72,0.6,1,-7.5,0,0.12,0.25,0.02,0.1,0.58,90.0,4,r&b
3911003871,RKO,La Rvfleuze,Numéro d'écrou,954.718,173000,True,0.72,0.6,1,-7.5,0,0.12,0.25,0.02,0.1,0.58,90.0,4,r&b
3917008311,Ronnie Kray,Landy,Ronnie Kray,957.098,226000,True,0.72,0.6,1,-7.5,0,0.12,0.25,0.02,0.1,0.58,90.0,4,r&b
3460711121,VIANO,RK,ENCORE / VIANO,983.858,111000,False,0.72,0.6,1,-7.5,0,0.12,0.25,0.02,0.1,0.58,90.0,4,r&b
3951817191,RUNWAY,Lady Gaga,RUNWAY,960.001,171000,True,0.72,0.6,1,-7.5,0,0.12,0.25,0.02,0.1,0.58,90.0,4,r&b
3731779982,Serrure #5,La Rvfleuze,Serrure #5,965.633,138000,True,0.72,0.6,1,-7.5,0,0.12,0.25,0.02,0.1,0.58,90.0,4,r&b
3911003841,312-391,La Rvfleuze,Numéro d'écrou,987.791,123000,True,0.72,0.6,1,-7.5,0,0.12,0.25,0.02,0.1,0.58,90.0,4,r&b
2200304467,BESO,ROSALÍA,RR,939.829,194000,False,0.72,0.6,1,-7.5,0,0.12,0.25,0.02,0.1,0.58,90.0,4,r&b
3835893541,ELLE VOULAIT,RnBoi,My Eyes Only - Flashback,999.719,145000,True,0.72,0.6,1,-7.5,0,0.12,0.25,0.02,0.1,0.58,90.0,4,r&b
4162078,Right Round,Flo Rida,R.O.O.T.S. (Route of Overcoming the Struggle),942.552,204000,False,0.72,0.6,1,-7.5,0,0.12,0.25,0.02,0.1,0.58,90.0,4,r&b
1873297197,Calm Down,Rema,Calm Down,967.651,239000,False,0.72,0.6,1,-7.5,0,0.12,0.25,0.02,0.1,0.58,90.0,4,r&b
3000573551,1h55,Tiakola,BDLM VOL.1,984.069,227000,True,0.72,0.6,1,-7.5,0,0.12,0.25,0.02,0.1,0.58,90.0,4,r&b
2964716561,MANON B,Tiakola,MANON B,967.042,169000,True,0.72,0.6,1,-7.5,0,0.12,0.25,0.02,0.1,0.58,90.0,4,r&b
3433971181,KAT (feat. La Rvfleuze),Gazo,KAT (feat. La Rvfleuze),960.426,148000,True,0.72,0.6,1,-7.5,0,0.12,0.25,0.02,0.1,0.58,90.0,4,r&b
2173954687,Running Up That Hill (A Deal With God),Kate Bush,Hounds Of Love,983.422,298000,False,0.72,0.6,1,-7.5,0,0.12,0.25,0.02,0.1,0.58,90.0,4,r&b
725971,Can't Stop,Red Hot Chili Peppers,By the Way (Deluxe Edition),944.981,269000,False,0.72,0.6,1,-7.5,0,0.12,0.25,0.02,0.1,0.58,90.0,4,r&b
434591642,Ridin',Booba,Trône,934.873,211000,True,0.72,0.6,1,-7.5,0,0.12,0.25,0.02,0.1,0.58,90.0,4,r&b
60978718,Diamonds,Rihanna,Diamonds,955.912,225000,False,0.72,0.6,1,-7.5,0,0.12,0.25,0.02,0.1,0.58,90.0,4,r&b
13529559,S&M,Rihanna,Loud,949.369,243000,True,0.72,0.6,1,-7.5,0,0.12,0.25,0.02,0.1,0.58,90.0,4,r&b
3782508312,Respire fort,Jeanne,Respire fort,979.523,172000,False,0.72,0.6,1,-7.5,0,0.12,0.25,0.02,0.1,0.58,90.0,4,r&b
14525574,We Found Love (Album Version),Rihanna,Talk That Talk (Deluxe),953.231,216000,False,0.72,0.6,1,-7.5,0,0.12,0.25,0.02,0.1,0.58,90.0,4,r&b
62376291,Stay,Rihanna,Unapologetic (Deluxe),957.868,241000,False,0.72,0.6,1,-7.5,0,0.12,0.25,0.02,0.1,0.58,90.0,4,r&b
3602108062,MON BÉBÉ,RnBoi,MON BÉBÉ,997.284,130000,False,0.72,0.6,1,-7.5,0,0.12,0.25,0.02,0.1,0.58,90.0,4,r&b
3559587531,JAMAIS TOI,R2,JAMAIS TOI,998.349,167000,True,0.72,0.6,1,-7.5,0,0.12,0.25,0.02,0.1,0.58,90.0,4,r&b
3651727342,PAS LE CHOIX,R2,PAS LE CHOIX,942.207,90000,True,0.72,0.6,1,-7.5,0,0.12,0.25,0.02,0.1,0.58,90.0,4,r&b
680518,Snow (Hey Oh),Red Hot Chili Peppers,Stadium Arcadium,920.396,334000,False,0.72,0.6,1,-7.5,0,0.12,0.25,0.02,0.1,0.58,90.0,4,r&b
3979581611,Comme Avant,Favé,Comme Avant,964.527,156000,True,0.72,0.6,1,-7.5,0,0.12,0.25,0.02,0.1,0.58,90.0,4,r&b
3934909911,META (feat. Jul),Le Rat Luciano,MAGMA,990.732,166000,True,0.72,0.6,1,-7.5,0,0.12,0.25,0.02,0.1,0.58,90.0,4,r&b
3412534621,Free,Rumi,KPop Demon Hunters (Soundtrack from the Netflix Film),957.313,187000,False,0.72,0.6,1,-7.5,0,0.12,0.25,0.02,0.1,0.58,90.0,4,r&b
2754899851,Recommence-moi,SANTA,RECOMMENCE-MOI,961.258,196000,False,0.72,0.6,1,-7.5,0,0.12,0.25,0.02,0.1,0.58,90.0,4,r&b
83841464,Riptide,Vance Joy,Dream Your Life Away,927.084,204000,False,0.72,0.6,1,-7.5,0,0.12,0.25,0.02,0.1,0.58,90.0,4,r&b
3401257811,RUINART,R2,RUINART,992.151,174000,True,0.72,0.6,1,-7.5,0,0.12,0.25,0.02,0.1,0.58,90.0,4,r&b
3150471661,Run,Rim'K,RUN,966.367,179000,True,0.72,0.6,1,-7.5,0,0.12,0.25,0.02,0.1,0.58,90.0,4,r&b
3835893571,OUI,RnBoi,My Eyes Only - Flashback,948.048,160000,False,0.72,0.6,1,-7.5,0,0.12,0.25,0.02,0.1,0.58,90.0,4,r&b
3921078891,RENÉ CAOVILLA,Gambi,RENÉ CAOVILLA,995.124,137000,True,0.72,0.6,1,-7.5,0,0.12,0.25,0.02,0.1,0.58,90.0,4,r&b
3971739931,R.I.P,Landy,Sombre mélodie,992.551,194000,True,0.72,0.6,1,-7.5,0,0.12,0.25,0.02,0.1,0.58,90.0,4,r&b
3381478361,BTRD,RnBoi,BTRD,963.506,140000,False,0.72,0.6,1,-7.5,0,0.12,0.25,0.02,0.1,0.58,90.0,4,r&b
3820606441,Reliquia do 2T,DJ Gu,Reliquia do 2T,957.697,306000,True,0.72,0.6,1,-7.5,0,0.12,0.25,0.02,0.1,0.58,90.0,4,r&b
3631739262,Solide,Ronisia,OMW,981.603,212000,False,0.72,0.6,1,-7.5,0,0.12,0.25,0.02,0.1,0.58,90.0,4,r&b
3820664511,Remise En Question,Serge Ibaka,Remise En Question,968.653,183000,False,0.72,0.6,1,-7.5,0,0.12,0.25,0.02,0.1,0.58,90.0,4,r&b
3835893581,BESTIE,RnBoi,My Eyes Only - Flashback,963.444,201000,True,0.72,0.6,1,-7.5,0,0.12,0.25,0.02,0.1,0.58,90.0,4,r&b
3971739961,Rolling Stones,Landy,Sombre mélodie,985.942,144000,True,0.72,0.6,1,-7.5,0,0.12,0.25,0.02,0.1,0.58,90.0,4,r&b
3957189811,Les Enfants Perdus,Rim'K,Les Enfants Perdus,965.649,154000,False,0.72,0.6,1,-7.5,0,0.12,0.25,0.02,0.1,0.58,90.0,4,r&b
14525573,Where Have You Been (Album Version),Rihanna,Talk That Talk (Deluxe),935.123,242000,False,0.72,0.6,1,-7.5,0,0.12,0.25,0.02,0.1,0.58,90.0,4,r&b
3374515221,Ama Um Maloqueiro,Rafa e Junior,Ama Um Maloqueiro,899.604,163000,False,0.72,0.6,1,-7.5,0,0.12,0.25,0.02,0.1,0.58,90.0,4,r&b
3837520341,A Deux,RDN,A Deux,969.334,143000,True,0.72,0.6,1,-7.5,0,0.12,0.25,0.02,0.1,0.58,90.0,4,r&b
1934616317,La R,Fresh laDouille,La R,441.415,174000,True,0.72,0.6,1,-7.5,0,0.12,0.25,0.02,0.1,0.58,90.0,4,r&b
3742162172,Raparigas,Filho do Piseiro,Só Poesias No Médio Grave (Vol.1),883.26,136000,True,0.72,0.6,1,-7.5,0,0.12,0.25,0.02,0.1,0.58,90.0,4,r&b
3987472531,YAMAL,La Rvfleuze,Numéro d'écrou,534.191,163000,True,0.72,0.6,1,-7.5,0,0.12,0.25,0.02,0.1,0.58,90.0,4,r&b
3503765001,French Riviera,Rim'K,French Riviera,942.978,152000,True,0.72,0.6,1,-7.5,0,0.12,0.25,0.02,0.1,0.58,90.0,4,r&b
3558133981,SALE ÉTAT,RK,SALE ÉTAT,965.742,202000,True,0.72,0.6,1,-7.5,0,0.12,0.25,0.02,0.1,0.58,90.0,4,r&b
2871615442,MÉTAL,MAPESS,VERSUS,232.583,160000,True,0.4,0.95,8,-3.0,0,0.07,0.02,0.15,0.22,0.3,150.0,4,metal
3935042711,METAL,Rounhaa,SALAAM,697.46,162000,True,0.4,0.95,8,-3.0,0,0.07,0.02,0.15,0.22,0.3,150.0,4,metal
1483825212,Enter Sandman (Remastered 2021),Metallica,Metallica (Remastered 2021),927.758,331000,False,0.4,0.95,8,-3.0,0,0.07,0.02,0.15,0.22,0.3,150.0,4,metal
1483825282,Nothing Else Matters (Remastered 2021),Metallica,Metallica (Remastered 2021),949.142,389000,False,0.4,0.95,8,-3.0,0,0.07,0.02,0.15,0.22,0.3,150.0,4,metal
3835575711,METAL,Jolagreen23,23 JOURS PLUS TARD,654.57,192000,True,0.4,0.95,8,-3.0,0,0.07,0.02,0.15,0.22,0.3,150.0,4,metal
80274812,Metalingus,Alter Bridge,One Day Remains,613.796,259000,False,0.4,0.95,8,-3.0,0,0.07,0.02,0.15,0.22,0.3,150.0,4,metal
3015707041,METALLICA,SDM,A LA VIE A LA MORT,900.522,202000,True,0.4,0.95,8,-3.0,0,0.07,0.02,0.15,0.22,0.3,150.0,4,metal
136338512,Creeping Death (Remastered),Metallica,Ride The Lightning (Remastered),642.356,397000,False,0.4,0.95,8,-3.0,0,0.07,0.02,0.15,0.22,0.3,150.0,4,metal
136338506,Fade To Black (Remastered),Metallica,Ride The Lightning (Remastered),766.049,417000,False,0.4,0.95,8,-3.0,0,0.07,0.02,0.15,0.22,0.3,150.0,4,metal
575867572,One,Metallica,…And Justice for All (Remastered),815.051,446000,False,0.4,0.95,8,-3.0,0,0.07,0.02,0.15,0.22,0.3,150.0,4,metal
13139075,The Metal,Tenacious D,The Pick Of Destiny,518.371,165000,False,0.4,0.95,8,-3.0,0,0.07,0.02,0.15,0.22,0.3,150.0,4,metal
424562692,Master Of Puppets (Remastered),Metallica,Master Of Puppets (Deluxe Box Set / Remastered),781.207,515000,False,0.4,0.95,8,-3.0,0,0.07,0.02,0.15,0.22,0.3,150.0,4,metal
136332796,Hardwired,Metallica,Hardwired…To Self-Destruct (Deluxe),613.63,189000,True,0.4,0.95,8,-3.0,0,0.07,0.02,0.15,0.22,0.3,150.0,4,metal
683883422,Metal & Plastic,Eagle Eyed Tiger,Future or Past,369.621,273000,False,0.4,0.95,8,-3.0,0,0.07,0.02,0.15,0.22,0.3,150.0,4,metal
1983388677,Métal,Kerchak,Métal,397.802,187000,True,0.4,0.95,8,-3.0,0,0.07,0.02,0.15,0.22,0.3,150.0,4,metal
1483825242,The Unforgiven (Remastered 2021),Metallica,Metallica (Remastered 2021),849.726,385000,False,0.4,0.95,8,-3.0,0,0.07,0.02,0.15,0.22,0.3,150.0,4,metal
2171853137,If Darkness Had a Son,Metallica,If Darkness Had a Son,549.951,396000,False,0.4,0.95,8,-3.0,0,0.07,0.02,0.15,0.22,0.3,150.0,4,metal
136338504,For Whom The Bell Tolls (Remastered),Metallica,Ride The Lightning (Remastered),790.879,310000,False,0.4,0.95,8,-3.0,0,0.07,0.02,0.15,0.22,0.3,150.0,4,metal
2800730842,METAL (feat. Stavo),Mac Tyer,LA VIE DU TRIPLE OG,296.088,160000,True,0.4,0.95,8,-3.0,0,0.07,0.02,0.15,0.22,0.3,150.0,4,metal
938532,Metal,Gary Numan,The Pleasure Principle,283.595,212000,False,0.4,0.95,8,-3.0,0,0.07,0.02,0.15,0.22,0.3,150.0,4,metal
2664014382,Métal,Prime,MONTADA,285.595,126000,False,0.4,0.95,8,-3.0,0,0.07,0.02,0.15,0.22,0.3,150.0,4,metal
424565282,Orion,Metallica,Master Of Puppets (Remastered),643.638,507000,False,0.4,0.95,8,-3.0,0,0.07,0.02,0.15,0.22,0.3,150.0,4,metal
1483825222,Sad But True (Remastered 2021),Metallica,Metallica (Remastered 2021),750.443,324000,False,0.4,0.95,8,-3.0,0,0.07,0.02,0.15,0.22,0.3,150.0,4,metal
2114514,Fuel,Metallica,Reload,743.87,269000,True,0.4,0.95,8,-3.0,0,0.07,0.02,0.15,0.22,0.3,150.0,4,metal
2114570,Whiskey In The Jar,Metallica,Garage Inc.,778.54,304000,False,0.4,0.95,8,-3.0,0,0.07,0.02,0.15,0.22,0.3,150.0,4,metal
136332702,Seek & Destroy (Remastered),Metallica,Kill 'Em All (Remastered),738.963,415000,False,0.4,0.95,8,-3.0,0,0.07,0.02,0.15,0.22,0.3,150.0,4,metal
1483825252,Wherever I May Roam (Remastered 2021),Metallica,Metallica (Remastered 2021),711.818,403000,False,0.4,0.95,8,-3.0,0,0.07,0.02,0.15,0.22,0.3,150.0,4,metal
3407660601,Mama Said (Remastered),Metallica,Load (Remastered Deluxe Box Set),616.526,318000,False,0.4,0.95,8,-3.0,0,0.07,0.02,0.15,0.22,0.3,150.0,4,metal
2114256,The Day That Never Comes,Metallica,Death Magnetic,729.748,475000,False,0.4,0.95,8,-3.0,0,0.07,0.02,0.15,0.22,0.3,150.0,4,metal
2114517,The Unforgiven II,Metallica,Reload,683.347,396000,False,0.4,0.95,8,-3.0,0,0.07,0.02,0.15,0.22,0.3,150.0,4,metal
3387409361,Metal,The Beths,Straight Line Was A Lie,212.533,283000,False,0.4,0.95,8,-3.0,0,0.07,0.02,0.15,0.22,0.3,150.0,4,metal
521254442,Metal,Poppy,Metal,194.346,218000,False,0.4,0.95,8,-3.0,0,0.07,0.02,0.15,0.22,0.3,150.0,4,metal
698806662,M.E.T.A.L.,Freedom Call,M.E.T.A.L.,201.13,260000,False,0.4,0.95,8,-3.0,0,0.07,0.02,0.15,0.22,0.3,150.0,4,metal
3272529661,Metal,Chapeleiro,Metal,216.078,272000,False,0.4,0.95,8,-3.0,0,0.07,0.02,0.15,0.22,0.3,150.0,4,metal
74278005,Metal,Daniel May,Feng Shui: Music for Balanced Living,217.814,457000,False,0.4,0.95,8,-3.0,0,0.07,0.02,0.15,0.22,0.3,150.0,4,metal
1080550172,Melô do Amigo Safado,Metal & Cego,Retrô,205.178,251000,False,0.4,0.95,8,-3.0,0,0.07,0.02,0.15,0.22,0.3,150.0,4,metal
1551338372,Metal & Fire,Wolfmother,Rock Out,181.257,132000,False,0.4,0.95,8,-3.0,0,0.07,0.02,0.15,0.22,0.3,150.0,4,metal
2191843727,Metal,Masayoshi Soken,Heavensward: FINAL FANTASY XIV Original Soundtrack,155.872,330000,False,0.4,0.95,8,-3.0,0,0.07,0.02,0.15,0.22,0.3,150.0,4,metal
117301194,The Metal (Live),Tenacious D,Tenacious D Live,175.274,185000,True,0.4,0.95,8,-3.0,0,0.07,0.02,0.15,0.22,0.3,150.0,4,metal
2114020,St. Anger,Metallica,St. Anger,642.468,441000,True,0.4,0.95,8,-3.0,0,0.07,0.02,0.15,0.22,0.3,150.0,4,metal
424565222,Battery,Metallica,Master Of Puppets (Remastered),670.611,312000,False,0.4,0.95,8,-3.0,0,0.07,0.02,0.15,0.22,0.3,150.0,4,metal
1402386472,Metal,We Butter The Bread With Butter,Das Album,165.704,204000,False,0.4,0.95,8,-3.0,0,0.07,0.02,0.15,0.22,0.3,150.0,4,metal
1080550142,Tou Topando Tudo,Metal & Cego,Retrô,201.631,174000,False,0.4,0.95,8,-3.0,0,0.07,0.02,0.15,0.22,0.3,150.0,4,metal
136338502,Ride The Lightning (Remastered),Metallica,Ride The Lightning (Remastered),663.879,396000,False,0.4,0.95,8,-3.0,0,0.07,0.02,0.15,0.22,0.3,150.0,4,metal
1080550132,Não Seja Besta,Metal & Cego,Retrô,134.034,216000,False,0.4,0.95,8,-3.0,0,0.07,0.02,0.15,0.22,0.3,150.0,4,metal
2114515,The Memory Remains,Metallica,Reload,633.897,279000,False,0.4,0.95,8,-3.0,0,0.07,0.02,0.15,0.22,0.3,150.0,4,metal
424565252,Welcome Home (Sanitarium),Metallica,Master Of Puppets (Remastered),613.265,387000,False,0.4,0.95,8,-3.0,0,0.07,0.02,0.15,0.22,0.3,150.0,4,metal
1126527,Metal (Remix),Nine Inch Nails,Things Falling Apart,133.186,425000,False,0.4,0.95,8,-3.0,0,0.07,0.02,0.15,0.22,0.3,150.0,4,metal
2537290111,Metal & Blood,Drumsound & Bassline Smith,Metal & Blood,127.853,256000,False,0.4,0.95,8,-3.0,0,0.07,0.02,0.15,0.22,0.3,150.0,4,metal
2114668,Nothing Else Matters (Live),Metallica,S&M,630.476,407000,False,0.4,0.95,8,-3.0,0,0.07,0.02,0.15,0.22,0.3,150.0,4,metal
1104961012,metal,food house,food house,119.96,173000,True,0.4,0.95,8,-3.0,0,0.07,0.02,0.15,0.22,0.3,150.0,4,metal
619300732,Horizon,M.E.T.A.L.,M.E.T.A.L. (Instrumental) - EP,52.085,235000,False,0.4,0.95,8,-3.0,0,0.07,0.02,0.15,0.22,0.3,150.0,4,metal
1080550122,Novinha Ta Querendo o Que,Metal & Cego,Retrô,128.112,160000,False,0.4,0.95,8,-3.0,0,0.07,0.02,0.15,0.22,0.3,150.0,4,metal
69906551,Metal,Afrika Bambaataa,Dark Matter Moving At The Speed Of Light,115.258,298000,False,0.4,0.95,8,-3.0,0,0.07,0.02,0.15,0.22,0.3,150.0,4,metal
3098206881,METAL,Music Of Wild Woman,ELEMENTS,161.449,298000,False,0.4,0.95,8,-3.0,0,0.07,0.02,0.15,0.22,0.3,150.0,4,metal
3546331541,Metal,Yosi Horikawa,Impulse,109.273,269000,False,0.4,0.95,8,-3.0,0,0.07,0.02,0.15,0.22,0.3,150.0,4,metal
1080550162,Gostou Novinha,Metal & Cego,Retrô,99.121,154000,False,0.4,0.95,8,-3.0,0,0.07,0.02,0.15,0.22,0.3,150.0,4,metal
575867532,Blackened,Metallica,…And Justice for All (Remastered),601.289,402000,False,0.4,0.95,8,-3.0,0,0.07,0.02,0.15,0.22,0.3,150.0,4,metal
2659697052,Métal,Rouge Pompier,Michael Caine,122.567,214000,False,0.4,0.95,8,-3.0,0,0.07,0.02,0.15,0.22,0.3,150.0,4,metal
619300722,Crawl (Interlude),M.E.T.A.L.,M.E.T.A.L. (Instrumental) - EP,48.084,32000,False,0.4,0.95,8,-3.0,0,0.07,0.02,0.15,0.22,0.3,150.0,4,metal
2114259,The Unforgiven III,Metallica,Death Magnetic,580.919,467000,False,0.4,0.95,8,-3.0,0,0.07,0.02,0.15,0.22,0.3,150.0,4,metal
136332688,The Four Horsemen (Remastered),Metallica,Kill 'Em All (Remastered),594.863,433000,False,0.4,0.95,8,-3.0,0,0.07,0.02,0.15,0.22,0.3,150.0,4,metal
3908183111,Métal,Harrison Drew,Métal,119.66,170000,True,0.4,0.95,8,-3.0,0,0.07,0.02,0.15,0.22,0.3,150.0,4,metal
3788148582,"Metal (Live at The Bridgewater Hall, Manchester)",Gary Numan,"When the Sky Came Down (Live at The Bridgewater Hall, Manchester)",124.46,279000,False,0.4,0.95,8,-3.0,0,0.07,0.02,0.15,0.22,0.3,150.0,4,metal
1483825312,My Friend of Misery (Remastered 2021),Metallica,Metallica (Remastered 2021),580.126,407000,False,0.4,0.95,8,-3.0,0,0.07,0.02,0.15,0.22,0.3,150.0,4,metal
3788130622,Metal (Live at OVO Arena Wembley) (Live at OVO Arena Wembley),Gary Numan,A Perfect Circle (Live at OVO Arena Wembley),107.829,274000,False,0.4,0.95,8,-3.0,0,0.07,0.02,0.15,0.22,0.3,150.0,4,metal
3043084761,METAL,Timéa,METAL,96.977,171000,False,0.4,0.95,8,-3.0,0,0.07,0.02,0.15,0.22,0.3,150.0,4,metal
102683804,Metal Contra As Nuvens (Ao Vivo Em São Paulo / 1999),Legiao Urbana,Acústico (Ao Vivo Em São Paulo / 1999),598.519,561000,False,0.4,0.95,8,-3.0,0,0.07,0.02,0.15,0.22,0.3,150.0,4,metal
2668796702,Métal,HÄDE,Métal,95.506,177000,True,0.4,0.95,8,-3.0,0,0.07,0.02,0.15,0.22,0.3,150.0,4,metal
3407660531,Until It Sleeps (Remastered),Metallica,Load (Remastered Deluxe Box Set),571.838,269000,False,0.4,0.95,8,-3.0,0,0.07,0.02,0.15,0.22,0.3,150.0,4,metal
1133166682,METAL,Jimmy Edgar,METAL,109.996,200000,False,0.4,0.95,8,-3.0,0,0.07,0.02,0.15,0.22,0.3,150.0,4,metal
1080550152,Posição da Rã,Metal & Cego,Retrô,103.504,182000,False,0.4,0.95,8,-3.0,0,0.07,0.02,0.15,0.22,0.3,150.0,4,metal
3608219052,Metal (Mixed),KimberlaID,SPF INFINI: KIMBERLAID,98.682,155000,False,0.4,0.95,8,-3.0,0,0.07,0.02,0.15,0.22,0.3,150.0,4,metal
2114565,Turn The Page,Metallica,Garage Inc.,647.728,366000,False,0.4,0.95,8,-3.0,0,0.07,0.02,0.15,0.22,0.3,150.0,4,metal
3198807151,METAL,HAZURR,METAL ET DECADECIMALE,108.13,149000,True,0.4,0.95,8,-3.0,0,0.07,0.02,0.15,0.22,0.3,150.0,4,metal
2233010557,Lux Æterna,Metallica,72 Seasons,596.622,205000,False,0.4,0.95,8,-3.0,0,0.07,0.02,0.15,0.22,0.3,150.0,4,metal
761139992,Metál,Fiatal Veterán,Fonzo,118.62,186000,True,0.4,0.95,8,-3.0,0,0.07,0.02,0.15,0.22,0.3,150.0,4,metal
136338514,The Call Of Ktulu (Remastered),Metallica,Ride The Lightning (Remastered),568.14,532000,False,0.4,0.95,8,-3.0,0,0.07,0.02,0.15,0.22,0.3,150.0,4,metal
575867542,...And Justice for All,Metallica,…And Justice for All (Remastered),566.838,585000,False,0.4,0.95,8,-3.0,0,0.07,0.02,0.15,0.22,0.3,150.0,4,metal
3805921272,Metal (Live at the Electric Ballroom),Gary Numan,"1,000: Live at the Electric Ballroom",74.992,271000,False,0.4,0.95,8,-3.0,0,0.07,0.02,0.15,0.22,0.3,150.0,4,metal
2336561155,Metal,Nouvelle Vague,3,91.44,226000,False,0.4,0.95,8,-3.0,0,0.07,0.02,0.15,0.22,0.3,150.0,4,metal
3711986662,Métal,Jvlius,Métal,110.995,151000,True,0.4,0.95,8,-3.0,0,0.07,0.02,0.15,0.22,0.3,150.0,4,metal
1225362992,Vestidito Negro,Metal,Vestidito Negro,93.387,178000,False,0.4,0.95,8,-3.0,0,0.07,0.02,0.15,0.22,0.3,150.0,4,metal
1483825232,Holier Than Thou (Remastered 2021),Metallica,Metallica (Remastered 2021),556.1,228000,False,0.4,0.95,8,-3.0,0,0.07,0.02,0.15,0.22,0.3,150.0,4,metal
4218276,Metal (Demo Version),Gary Numan,The Pleasure Principle (Expanded Edition),69.174,215000,False,0.4,0.95,8,-3.0,0,0.07,0.02,0.15,0.22,0.3,150.0,4,metal
2233010437,72 Seasons,Metallica,72 Seasons,560.788,460000,False,0.4,0.95,8,-3.0,0,0.07,0.02,0.15,0.22,0.3,150.0,4,metal
1199886262,Métal,the S,Square bleu,68.904,180000,True,0.4,0.95,8,-3.0,0,0.07,0.02,0.15,0.22,0.3,150.0,4,metal
136332802,Moth Into Flame,Metallica,Hardwired…To Self-Destruct (Deluxe),559.181,351000,False,0.4,0.95,8,-3.0,0,0.07,0.02,0.15,0.22,0.3,150.0,4,metal
1483825262,Don't Tread on Me (Remastered 2021),Metallica,Metallica (Remastered 2021),564.15,240000,False,0.4,0.95,8,-3.0,0,0.07,0.02,0.15,0.22,0.3,150.0,4,metal
2840984502,Metal,Crobot,Obsidian,85.379,253000,False,0.4,0.95,8,-3.0,0,0.07,0.02,0.15,0.22,0.3,150.0,4,metal
1483825292,Of Wolf and Man (Remastered 2021),Metallica,Metallica (Remastered 2021),537.928,257000,False,0.4,0.95,8,-3.0,0,0.07,0.02,0.15,0.22,0.3,150.0,4,metal
2114357,I Disappear,Metallica,I Disappear,552.908,266000,False,0.4,0.95,8,-3.0,0,0.07,0.02,0.15,0.22,0.3,150.0,4,metal
69035120,The Gry Lion,Metal,Proving Our Mettle,25.327,419000,False,0.4,0.95,8,-3.0,0,0.07,0.02,0.15,0.22,0.3,150.0,4,metal
374182221,Metal,fews,Metal,41.106,185000,False,0.4,0.95,8,-3.0,0,0.07,0.02,0.15,0.22,0.3,150.0,4,metal
104250420,We Will Rock You,Metal,"Ultimate Hard Rock, Vol. 1",39.807,187000,False,0.4,0.95,8,-3.0,0,0.07,0.02,0.15,0.22,0.3,150.0,4,metal
91044893,M.E.T.A.L.,J.B.O.,I don'T like metal - i love it!,77.95,259000,False,0.4,0.95,8,-3.0,0,0.07,0.02,0.15,0.22,0.3,150.0,4,metal
97411944,Metal,Suuns,Suuns and Jerusalem In My Heart,63.515,230000,False,0.4,0.95,8,-3.0,0,0.07,0.02,0.15,0.22,0.3,150.0,4,metal
945630,Metal (Live 79),Gary Numan,Living Ornaments '79 (Live),20.724,205000,False,0.4,0.95,8,-3.0,0,0.07,0.02,0.15,0.22,0.3,150.0,4,metal
575867592,Harvester of Sorrow,Metallica,…And Justice for All (Remastered),540.23,345000,False,0.4,0.95,8,-3.0,0,0.07,0.02,0.15,0.22,0.3,150.0,4,metal
2114257,All Nightmare Long,Metallica,Death Magnetic,539.733,481000,False,0.4,0.95,8,-3.0,0,0.07,0.02,0.15,0.22,0.3,150.0,4,metal
3354176721,Hero of the Day (Remastered),Metallica,Hero of the Day (Remastered),538.844,262000,False,0.4,0.95,8,-3.0,0,0.07,0.02,0.15,0.22,0.3,150.0,4,metal
1539828912,Metal,Cupidon,Metal,53.469,202000,True,0.4,0.95,8,-3.0,0,0.07,0.02,0.15,0.22,0.3,150.0,4,metal
873570082,Métal,Le Sire,Métal,77.34,218000,True,0.4,0.95,8,-3.0,0,0.07,0.02,0.15,0.22,0.3,150.0,4,metal
1214413312,Metal,ÂGE ⱡ TOTAL,ÂGE TOTAL,62.601,461000,False,0.4,0.95,8,-3.0,0,0.07,0.02,0.15,0.22,0.3,150.0,4,metal
911245022,Le métal,Cactus et Mammuth,Le premier albüm,68.307,195000,False,0.4,0.95,8,-3.0,0,0.07,0.02,0.15,0.22,0.3,150.0,4,metal
2023470027,Metal,Blaze and the Monster Machines,Rockin' Ride-Along Songs,72.719,45000,False,0.4,0.95,8,-3.0,0,0.07,0.02,0.15,0.22,0.3,150.0,4,metal
136338498,Fight Fire With Fire (Remastered),Metallica,Ride The Lightning (Remastered),544.475,284000,False,0.4,0.95,8,-3.0,0,0.07,0.02,0.15,0.22,0.3,150.0,4,metal
97060574,My Own Enemy,Metal,"Total Metal, Vol. 1 (The Indie Metal Music Selection)",18.322,232000,False,0.4,0.95,8,-3.0,0,0.07,0.02,0.15,0.22,0.3,150.0,4,metal
1639985002,Metal,NanowaR of Steel,A Knight At the Opera,66.541,205000,False,0.4,0.95,8,-3.0,0,0.07,0.02,0.15,0.22,0.3,150.0,4,metal
1302070582,Métal,Keed,Métal,72.705,186000,True,0.4,0.95,8,-3.0,0,0.07,0.02,0.15,0.22,0.3,150.0,4,metal
1726026567,Metal reproduction,Le réparateur,Heureux et gros,389.993,134000,False,0.4,0.95,8,-3.0,0,0.07,0.02,0.15,0.22,0.3,150.0,4,metal
3976946761,Metal,Eduardo Brito Peg,Aplauso,100.0,119000,False,0.4,0.95,8,-3.0,0,0.07,0.02,0.15,0.22,0.3,150.0,4,metal
2104787717,METAL KINGDOM,BABYMETAL,METAL KINGDOM,420.625,351000,False,0.4,0.95,8,-3.0,0,0.07,0.02,0.15,0.22,0.3,150.0,4,metal
3465953611,Shanti Shanti Shanti,BABYMETAL,METAL GALAXY,384.588,191000,False,0.4,0.95,8,-3.0,0,0.07,0.02,0.15,0.22,0.3,150.0,4,metal
462448662,Metal Is for Everyone,Freedom Call,Master of Light,350.467,292000,False,0.4,0.95,8,-3.0,0,0.07,0.02,0.15,0.22,0.3,150.0,4,metal
3968806671,METAL,OG MIKLO,METAL,100.0,138000,True,0.4,0.95,8,-3.0,0,0.07,0.02,0.15,0.22,0.3,150.0,4,metal
3970032821,Metal,Heavy Metal ,Thunder,100.0,149000,False,0.4,0.95,8,-3.0,0,0.07,0.02,0.15,0.22,0.3,150.0,4,metal
3491788981,from me to u,BABYMETAL,METAL FORTH,379.324,204000,True,0.4,0.95,8,-3.0,0,0.07,0.02,0.15,0.22,0.3,150.0,4,metal
621152662,Snake Eater,Cynthia Harrell,METAL GEAR SOLID VOCAL TRACKS,404.056,178000,False,0.4,0.95,8,-3.0,0,0.07,0.02,0.15,0.22,0.3,150.0,4,metal
14779853,Metal Gear Solid: Sons of Liberty Theme : Metal Gear Solid: Sons of Liberty Theme,Andrew Skeet,The Greatest Video Game Music,344.039,237000,False,0.4,0.95,8,-3.0,0,0.07,0.02,0.15,0.22,0.3,150.0,4,metal
3491789041,My Queen,BABYMETAL,METAL FORTH,572.808,200000,True,0.4,0.95,8,-3.0,0,0.07,0.02,0.15,0.22,0.3,150.0,4,metal
3989284721,METAL,Mr_Cheatr2222,TOOK OFF and METAL,100.0,102000,False,0.4,0.95,8,-3.0,0,0.07,0.02,0.15,0.22,0.3,150.0,4,metal
3989828231,METAL,TURNSAVAGEMODE,newgame+,100.0,130000,True,0.4,0.95,8,-3.0,0,0.07,0.02,0.15,0.22,0.3,150.0,4,metal
3992228901,Metal,DJ Aarvi Queen,Metal,100.0,148000,False,0.4,0.95,8,-3.0,0,0.07,0.02,0.15,0.22,0.3,150.0,4,metal
621146272,Red Sun (Maniac Agenda Mix),Jason Miller,METAL GEAR RISING REVENGEANCE Vocal Tracks Selection,379.629,133000,False,0.4,0.95,8,-3.0,0,0.07,0.02,0.15,0.22,0.3,150.0,4,metal
752867442,Dragon de métal,Izïa,Citadelle,511.196,256000,False,0.4,0.95,8,-3.0,0,0.07,0.02,0.15,0.22,0.3,150.0,4,metal
621146202,Rules of Nature (Platinum Mix),Jason Miller,METAL GEAR RISING REVENGEANCE Vocal Tracks Selection,397.507,150000,False,0.4,0.95,8,-3.0,0,0.07,0.02,0.15,0.22,0.3,150.0,4,metal
621146262,The Stains of Time (Maniac Agenda Mix),Kit Walters,METAL GEAR RISING REVENGEANCE Vocal Tracks Selection,393.443,130000,False,0.4,0.95,8,-3.0,0,0.07,0.02,0.15,0.22,0.3,150.0,4,metal
734487982,Metal Banshee (Mad Prof Mix),Massive Attack,Mezzanine (Deluxe),339.842,349000,False,0.4,0.95,8,-3.0,0,0.07,0.02,0.15,0.22,0.3,150.0,4,metal
621146212,The Only Thing I Know For Real (Maniac Agenda Mix),Tyson Yen,METAL GEAR RISING REVENGEANCE Vocal Tracks Selection,418.955,146000,False,0.4,0.95,8,-3.0,0,0.07,0.02,0.15,0.22,0.3,150.0,4,metal
621146242,A Stranger I Remain (Maniac Agenda Mix),Free Dominguez,METAL GEAR RISING REVENGEANCE Vocal Tracks Selection,369.38,145000,False,0.4,0.95,8,-3.0,0,0.07,0.02,0.15,0.22,0.3,150.0,4,metal
3465963201,METALI!!,BABYMETAL,METALI!!,516.539,208000,False,0.4,0.95,8,-3.0,0,0.07,0.02,0.15,0.22,0.3,150.0,4,metal
3966659681,Métal froid,Shippeur,Métal froid,493.66,154000,True,0.4,0.95,8,-3.0,0,0.07,0.02,0.15,0.22,0.3,150.0,4,metal
3465953621,Oh! MAJINAI,BABYMETAL,METAL GALAXY,408.807,193000,False,0.4,0.95,8,-3.0,0,0.07,0.02,0.15,0.22,0.3,150.0,4,metal
1894161747,Dream On,Metal up your Brass,Chill Em All,442.368,261000,False,0.4,0.95,8,-3.0,0,0.07,0.02,0.15,0.22,0.3,150.0,4,metal
621146302,It Has To Be This Way (Platinum Mix),Jimmy Gnecco,METAL GEAR RISING REVENGEANCE Vocal Tracks Selection,460.88,175000,False,0.4,0.95,8,-3.0,0,0.07,0.02,0.15,0.22,0.3,150.0,4,metal
3465951341,KARATE,BABYMETAL,METAL RESISTANCE,483.467,263000,False,0.4,0.95,8,-3.0,0,0.07,0.02,0.15,0.22,0.3,150.0,4,metal
136332704,Metal Militia (Remastered),Metallica,Kill 'Em All (Remastered),473.399,311000,False,0.4,0.95,8,-3.0,0,0.07,0.02,0.15,0.22,0.3,150.0,4,metal
1459211372,Metal United,Majestica,Metal United,364.128,218000,False,0.4,0.95,8,-3.0,0,0.07,0.02,0.15,0.22,0.3,150.0,4,metal
1015631,Metal Health (Bang Your Head),Quiet Riot,Metal Health,480.97,316000,False,0.4,0.95,8,-3.0,0,0.07,0.02,0.15,0.22,0.3,150.0,4,metal
679553282,Metal Machine,Sabaton,Primo Victoria (Re-Armed),378.667,262000,False,0.4,0.95,8,-3.0,0,0.07,0.02,0.15,0.22,0.3,150.0,4,metal
3233186731,METAL/KID,ELOI,BLAST.,412.665,267000,False,0.4,0.95,8,-3.0,0,0.07,0.02,0.15,0.22,0.3,150.0,4,metal
413934742,Metal Crusher,Toby Fox,UNDERTALE Soundtrack,385.142,63000,False,0.4,0.95,8,-3.0,0,0.07,0.02,0.15,0.22,0.3,150.0,4,metal
860703,Metal Gods,Judas Priest,British Steel,415.434,239000,False,0.4,0.95,8,-3.0,0,0.07,0.02,0.15,0.22,0.3,150.0,4,metal
1129162,Metal Heart,Accept,Metal Heart,376.341,323000,False,0.4,0.95,8,-3.0,0,0.07,0.02,0.15,0.22,0.3,150.0,4,metal
3199873151,Métal Froid,Yoko,Métal Froid,339.033,119000,True,0.4,0.95,8,-3.0,0,0.07,0.02,0.15,0.22,0.3,150.0,4,metal
4133411,Metal Warriors,Manowar,The Triumph of Steel,399.917,234000,False,0.4,0.95,8,-3.0,0,0.07,0.02,0.15,0.22,0.3,150.0,4,metal
864765,Metal Meltdown,Judas Priest,Painkiller,388.366,287000,False,0.4,0.95,8,-3.0,0,0.07,0.02,0.15,0.22,0.3,150.0,4,metal
499920102,Metal Leaves,Ours Samplus,Last Frontier,372.533,233000,False,0.4,0.95,8,-3.0,0,0.07,0.02,0.15,0.22,0.3,150.0,4,metal
3531468,Metal Contra As Nuvens,Legiao Urbana,Legiao Urbana V,473.894,689000,False,0.4,0.95,8,-3.0,0,0.07,0.02,0.15,0.22,0.3,150.0,4,metal
1549528372,Metal Heart,Dave Gahan,Imposter,390.682,286000,False,0.4,0.95,8,-3.0,0,0.07,0.02,0.15,0.22,0.3,150.0,4,metal
100702554,Metal Gear Solid - Big Boss Returns,Jonas B. Ingebretsen,The Musical Journey,274.214,300000,False,0.4,0.95,8,-3.0,0,0.07,0.02,0.15,0.22,0.3,150.0,4,metal
127372427,Metal Icarus,Angra,Fireworks,345.851,383000,False,0.4,0.95,8,-3.0,0,0.07,0.02,0.15,0.22,0.3,150.0,4,metal
96166568,Metal Bucetation,Massacration,Gates Of Metal Fried Chicken Of Death,374.332,381000,False,0.4,0.95,8,-3.0,0,0.07,0.02,0.15,0.22,0.3,150.0,4,metal
96166546,Metal Is The Law,Massacration,Gates Of Metal Fried Chicken Of Death,403.782,225000,False,0.4,0.95,8,-3.0,0,0.07,0.02,0.15,0.22,0.3,150.0,4,metal
105281154,Metal Heart,Cat Power,Moon Pix,296.308,242000,False,0.4,0.95,8,-3.0,0,0.07,0.02,0.15,0.22,0.3,150.0,4,metal
16709852,Jen fi ou dous,Metal Sound,Ragga dance hall souvenirs,343.269,261000,False,0.4,0.95,8,-3.0,0,0.07,0.02,0.15,0.22,0.3,150.0,4,metal
1613974472,Metal Guru,T. Rex,1972,384.893,147000,False,0.4,0.95,8,-3.0,0,0.07,0.02,0.15,0.22,0.3,150.0,4,metal
557625,Breaking the Law,Judas Priest,Metal Works '73-'93,644.552,153000,False,0.4,0.95,8,-3.0,0,0.07,0.02,0.15,0.22,0.3,150.0,4,metal
4085119,Start the Fire,Metal Church,The Dark,319.231,225000,False,0.4,0.95,8,-3.0,0,0.07,0.02,0.15,0.22,0.3,150.0,4,metal
2878384282,Metal Is My Life,Massacration,Metal Is My Life,237.828,229000,False,0.4,0.95,8,-3.0,0,0.07,0.02,0.15,0.22,0.3,150.0,4,metal
141821191,Metal Gear Solid,Tina Guo,Game On!,326.413,266000,False,0.4,0.95,8,-3.0,0,0.07,0.02,0.15,0.22,0.3,150.0,4,metal
557641,Living After Midnight,Judas Priest,Metal Works '73-'93,590.441,210000,False,0.4,0.95,8,-3.0,0,0.07,0.02,0.15,0.22,0.3,150.0,4,metal
3491789031,Sunset Kiss,BABYMETAL,METAL FORTH,478.872,213000,False,0.4,0.95,8,-3.0,0,0.07,0.02,0.15,0.22,0.3,150.0,4,metal
1015501,Cum on Feel the Noize,Quiet Riot,Metal Health,447.378,287000,False,0.4,0.95,8,-3.0,0,0.07,0.02,0.15,0.22,0.3,150.0,4,metal
3491789051,Algorism,BABYMETAL,METAL FORTH,425.53,217000,False,0.4,0.95,8,-3.0,0,0.07,0.02,0.15,0.22,0.3,150.0,4,metal
2979812501,Sequins (feat. Dee Huang),TUNA MESS,Metal,108.519,358000,False,0.4,0.95,8,-3.0,0,0.07,0.02,0.15,0.22,0.3,150.0,4,metal
1841195297,Beethoven 5th,Apocalyptica,"Metal Classic, Classic Metal",366.173,298000,False,0.4,0.95,8,-3.0,0,0.07,0.02,0.15,0.22,0.3,150.0,4,metal
3491789021,KxAxWxAxIxI,BABYMETAL,METAL FORTH,400.922,155000,False,0.4,0.95,8,-3.0,0,0.07,0.02,0.15,0.22,0.3,150.0,4,metal
3465951331,Road of Resistance,BABYMETAL,METAL RESISTANCE,407.503,318000,False,0.4,0.95,8,-3.0,0,0.07,0.02,0.15,0.22,0.3,150.0,4,metal
10264547,Metal Gear Solid - Epic version,Jonas B. Ingebretsen,Under the moon,334.483,242000,False,0.4,0.95,8,-3.0,0,0.07,0.02,0.15,0.22,0.3,150.0,4,metal
3491789071,White Flame ー白炎ー,BABYMETAL,METAL FORTH,396.01,265000,False,0.4,0.95,8,-3.0,0,0.07,0.02,0.15,0.22,0.3,150.0,4,metal
3534654521,Metal,Ashen Heart,Dragons of Death,58.295,246000,False,0.4,0.95,8,-3.0,0,0.07,0.02,0.15,0.22,0.3,150.0,4,metal
3491788991,RATATATA,BABYMETAL,METAL FORTH,400.396,217000,True,0.4,0.95,8,-3.0,0,0.07,0.02,0.15,0.22,0.3,150.0,4,metal
88951445,Metal Storm / Face the Slayer,Slayer,Show No Mercy,304.105,293000,False,0.4,0.95,8,-3.0,0,0.07,0.02,0.15,0.22,0.3,150.0,4,metal
3491789001,Song 3,BABYMETAL,METAL FORTH,349.303,213000,False,0.4,0.95,8,-3.0,0,0.07,0.02,0.15,0.22,0.3,150.0,4,metal
557634,You've Got Another Thing Comin',Judas Priest,Metal Works '73-'93,468.9,310000,False,0.4,0.95,8,-3.0,0,0.07,0.02,0.15,0.22,0.3,150.0,4,metal
3465951401,GJ!,BABYMETAL,METAL RESISTANCE,364.363,177000,False,0.4,0.95,8,-3.0,0,0.07,0.02,0.15,0.22,0.3,150.0,4,metal
3491789011,Kon! Kon!,BABYMETAL,METAL FORTH,380.384,235000,False,0.4,0.95,8,-3.0,0,0.07,0.02,0.15,0.22,0.3,150.0,4,metal
3465951361,YAVA!,BABYMETAL,METAL RESISTANCE,319.891,228000,False,0.4,0.95,8,-3.0,0,0.07,0.02,0.15,0.22,0.3,150.0,4,metal
3424057891,Métal,Guillaume Bongiraud,Musique Pour Roue(s),61.918,135000,False,0.4,0.95,8,-3.0,0,0.07,0.02,0.15,0.22,0.3,150.0,4,metal
746323162,The Last of the Mohicans (Metal Version) [Extended],METALHAWK,The Last of the Mohicans (Metal Version) [Extended],320.073,464000,False,0.4,0.95,8,-3.0,0,0.07,0.02,0.15,0.22,0.3,150.0,4,metal
1948921887,Time of Our Lives,Tyrone Wells,Metal & Wood,345.437,248000,False,0.4,0.95,8,-3.0,0,0.07,0.02,0.15,0.22,0.3,150.0,4,metal
423088392,Metal Contra As Nuvens (Ao Vivo),Legiao Urbana,Como É Que Se Diz Eu Te Amo - Show Completo (Ao Vivo / Vol. 1 & 2),319.662,599000,False,0.4,0.95,8,-3.0,0,0.07,0.02,0.15,0.22,0.3,150.0,4,metal
872371062,Jeanne et Serge,Bernard Minet,Metal Band,353.454,110000,False,0.4,0.95,8,-3.0,0,0.07,0.02,0.15,0.22,0.3,150.0,4,metal
2046286317,Coffin Nails,MF Doom,Metal Fingers Presents: Special Herbs Vol. 5 & 6,533.58,177000,False,0.4,0.95,8,-3.0,0,0.07,0.02,0.15,0.22,0.3,150.0,4,metal
848940192,Metal,Stelios Anatolitis,Μάχες με Νεράιδες,65.113,729000,True,0.4,0.95,8,-3.0,0,0.07,0.02,0.15,0.22,0.3,150.0,4,metal
557629,Before the Dawn,Judas Priest,Metal Works '73-'93,418.219,202000,False,0.4,0.95,8,-3.0,0,0.07,0.02,0.15,0.22,0.3,150.0,4,metal
3964669031,Metal,Taditomoz,Iam Newtomo,64.489,140000,False,0.4,0.95,8,-3.0,0,0.07,0.02,0.15,0.22,0.3,150.0,4,metal
3065224341,Infinity,Primal Fear,Metal Commando,334.025,792000,False,0.4,0.95,8,-3.0,0,0.07,0.02,0.15,0.22,0.3,150.0,4,metal
11747942,Heavy Metal Lover,Lady Gaga,Born This Way (International Special Edition Version),615.147,252000,False,0.4,0.95,8,-3.0,0,0.07,0.02,0.15,0.22,0.3,150.0,4,metal
1948921837,And the Birds Sing,Tyrone Wells,Metal & Wood,356.822,222000,False,0.4,0.95,8,-3.0,0,0.07,0.02,0.15,0.22,0.3,150.0,4,metal
3669791872,SNAKE EATER Δ,Cynthia Harrell,METAL GEAR SOLID Δ: SNAKE EATER (ORIGINAL SOUNDTRACK),338.862,173000,False,0.4,0.95,8,-3.0,0,0.07,0.02,0.15,0.22,0.3,150.0,4,metal
3105912,Debil Metal,Mamonas Assassinas,Mamonas Assassinas,485.671,185000,False,0.4,0.95,8,-3.0,0,0.07,0.02,0.15,0.22,0.3,150.0,4,metal
3168347641,Métal,Franky Fade,CONTRADICTIONS,76.31,156000,True,0.4,0.95,8,-3.0,0,0.07,0.02,0.15,0.22,0.3,150.0,4,metal
3516066621,~metal dream,Deftones,private music,474.037,182000,False,0.4,0.95,8,-3.0,0,0.07,0.02,0.15,0.22,0.3,150.0,4,metal
2046286287,Lavender Buds,MF Doom,Metal Fingers Presents: Special Herbs Vol. 5 & 6,461.286,185000,False,0.4,0.95,8,-3.0,0,0.07,0.02,0.15,0.22,0.3,150.0,4,metal
3808705872,Nobody Rides for Free (Remastered 2003),Ratt,Metal Hits,349.355,282000,False,0.4,0.95,8,-3.0,0,0.07,0.02,0.15,0.22,0.3,150.0,4,metal
1810109587,Heavy Metal Love,twocolors,Heavy Metal Love,558.373,132000,False,0.4,0.95,8,-3.0,0,0.07,0.02,0.15,0.22,0.3,150.0,4,metal
5612140,Kings of Metal,Manowar,Kings of Metal,509.648,223000,False,0.4,0.95,8,-3.0,0,0.07,0.02,0.15,0.22,0.3,150.0,4,metal
539350922,Yggdrasil,Brothers of Metal,Prophecy of Ragnarök,545.389,272000,False,0.4,0.95,8,-3.0,0,0.07,0.02,0.15,0.22,0.3,150.0,4,metal
1359673072,Metal,Motiv Unknown,Elementation EP,101.547,312000,False,0.4,0.95,8,-3.0,0,0.07,0.02,0.15,0.22,0.3,150.0,4,metal
2804588602,Metal,Gettysburg College Sunderman Conservatory Wind Symphony,"The Music of Brian Balmages, Vol. 1",52.265,213000,False,0.4,0.95,8,-3.0,0,0.07,0.02,0.15,0.22,0.3,150.0,4,metal
2457800785,METAL,DAN OTYA,TASTY (feat. STEFAN THEV),18.808,207000,False,0.4,0.95,8,-3.0,0,0.07,0.02,0.15,0.22,0.3,150.0,4,metal
2228972927,Métal,BKF Music,Métal,8.079,155000,True,0.4,0.95,8,-3.0,0,0.07,0.02,0.15,0.22,0.3,150.0,4,metal
2982079141,Metal,Adrián Berenguer,Singularity,53.78,230000,False,0.4,0.95,8,-3.0,0,0.07,0.02,0.15,0.22,0.3,150.0,4,metal
1724813237,Ameno Metal,ERA,The Live Experience,415.959,315000,False,0.4,0.95,8,-3.0,0,0.07,0.02,0.15,0.22,0.3,150.0,4,metal
2063824117,Disco Metal,NanowaR of Steel,Disco Metal,379.843,272000,True,0.4,0.95,8,-3.0,0,0.07,0.02,0.15,0.22,0.3,150.0,4,metal
69035117,Battlefields Ablaze,Metal,Proving Our Mettle,2.481,315000,False,0.4,0.95,8,-3.0,0,0.07,0.02,0.15,0.22,0.3,150.0,4,metal
3626438302,Turbo,Metal,Turbo,26.015,171000,False,0.4,0.95,8,-3.0,0,0.07,0.02,0.15,0.22,0.3,150.0,4,metal
87036947,Obsidian Plume,Anthelion,Obsidian Plume,1.997,308000,False,0.4,0.95,8,-3.0,0,0.07,0.02,0.15,0.22,0.3,150.0,4,metal
3773142232,1millondehoras,METAL YAMI,EP1,161.071,110000,False,0.4,0.95,8,-3.0,0,0.07,0.02,0.15,0.22,0.3,150.0,4,metal
1467660062,La Moto,Metal,Corazon Marcado,9.889,238000,False,0.4,0.95,8,-3.0,0,0.07,0.02,0.15,0.22,0.3,150.0,4,metal
1418022862,Buscame,Metal,Buscame,7.865,157000,False,0.4,0.95,8,-3.0,0,0.07,0.02,0.15,0.22,0.3,150.0,4,metal
69035121,Fighting For Metal,Metal,Proving Our Mettle,2.235,266000,False,0.4,0.95,8,-3.0,0,0.07,0.02,0.15,0.22,0.3,150.0,4,metal
401079642,Punjabi Metal,Bloodywood,Punjabi Metal,368.968,213000,False,0.4,0.95,8,-3.0,0,0.07,0.02,0.15,0.22,0.3,150.0,4,metal
1467660112,Siento Vibrar,Metal,Corazon Marcado,25.526,187000,False,0.4,0.95,8,-3.0,0,0.07,0.02,0.15,0.22,0.3,150.0,4,metal
1467660092,Presunto Culpable,Metal,Corazon Marcado,8.953,211000,False,0.4,0.95,8,-3.0,0,0.07,0.02,0.15,0.22,0.3,150.0,4,metal
3589212661,MÉTAL,Terry Wave,LE BRUIT,41.895,166000,False,0.4,0.95,8,-3.0,0,0.07,0.02,0.15,0.22,0.3,150.0,4,metal
63269485,Cicadas And Gulls,Feist,Metals,461.552,195000,False,0.4,0.95,8,-3.0,0,0.07,0.02,0.15,0.22,0.3,150.0,4,metal
2046284597,Charnsuka,MF Doom,Metal Fingers Presents: Special Herbs Vol. 1 & 2,373.202,140000,False,0.4,0.95,8,-3.0,0,0.07,0.02,0.15,0.22,0.3,150.0,4,metal
104250402,Highway to Hell,Metal,"Ultimate Hard Rock, Vol. 1",26.5,207000,False,0.4,0.95,8,-3.0,0,0.07,0.02,0.15,0.22,0.3,150.0,4,metal
3786484592,Black Metal,Venom,Black Metal,348.514,221000,False,0.4,0.95,8,-3.0,0,0.07,0.02,0.15,0.22,0.3,150.0,4,metal
3773142262,Acetona,METAL YAMI,EP1,157.497,138000,False,0.4,0.95,8,-3.0,0,0.07,0.02,0.15,0.22,0.3,150.0,4,metal
2974015911,Metal,Soft Cou,Horseshoe,8.115,178000,False,0.4,0.95,8,-3.0,0,0.07,0.02,0.15,0.22,0.3,150.0,4,metal
2144987307,Downright Dominate,Annihilator,Metal,127.869,313000,False,0.4,0.95,8,-3.0,0,0.07,0.02,0.15,0.22,0.3,150.0,4,metal
621152642,The Best Is Yet To Come,Aoife Ni Fhearraigh,METAL GEAR SOLID VOCAL TRACKS,317.186,345000,False,0.4,0.95,8,-3.0,0,0.07,0.02,0.15,0.22,0.3,150.0,4,metal
1467660172,Amame Dos Veces,Metal,Corazon Marcado,18.519,199000,False,0.4,0.95,8,-3.0,0,0.07,0.02,0.15,0.22,0.3,150.0,4,metal
69035115,Victory,Metal,Proving Our Mettle,65.969,279000,False,0.4,0.95,8,-3.0,0,0.07,0.02,0.15,0.22,0.3,150.0,4,metal
104250406,Higher,Metal,"Ultimate Hard Rock, Vol. 1",6.367,278000,False,0.4,0.95,8,-3.0,0,0.07,0.02,0.15,0.22,0.3,150.0,4,metal
97060582,Stage 5: Clinger,Metal,"Total Metal, Vol. 1 (The Indie Metal Music Selection)",10.155,201000,False,0.4,0.95,8,-3.0,0,0.07,0.02,0.15,0.22,0.3,150.0,4,metal
3275378891,Krystal Metal,SUN,Krystal Metal,374.799,226000,False,0.4,0.95,8,-3.0,0,0.07,0.02,0.15,0.22,0.3,150.0,4,metal
732323802,Burning Spear,S.O.U.L.,What Is It,154.008,235000,False,0.63,0.55,2,-8.5,1,0.06,0.45,0.03,0.12,0.65,95.0,4,soul
1057312,Runaway Train (2022 Remaster),Soul Asylum,Grave Dancers Union (2022 Remaster),760.213,265000,False,0.63,0.55,2,-8.5,1,0.06,0.45,0.03,0.12,0.65,95.0,4,soul
13271729,93 'Til Infinity,Souls of Mischief,93 'til Infinity,645.598,286000,False,0.63,0.55,2,-8.5,1,0.06,0.45,0.03,0.12,0.65,95.0,4,soul
2506045471,SOUL,Jeune Lion,HIGHLY SPIRITUAL,666.494,164000,True,0.63,0.55,2,-8.5,1,0.06,0.45,0.03,0.12,0.65,95.0,4,soul
3075705511,SOUL,N-XD,SOUL,458.82,174000,False,0.63,0.55,2,-8.5,1,0.06,0.45,0.03,0.12,0.65,95.0,4,soul
3240890561,Soul,Watsebha,Soul,463.318,156000,False,0.63,0.55,2,-8.5,1,0.06,0.45,0.03,0.12,0.65,95.0,4,soul
1993066417,Из чёрного мерина,RAIKAHO,Из чёрного мерина,339.704,103000,False,0.63,0.55,2,-8.5,1,0.06,0.45,0.03,0.12,0.65,95.0,4,soul
2943998981,Soul,Yarden,Soul,426.159,178000,False,0.63,0.55,2,-8.5,1,0.06,0.45,0.03,0.12,0.65,95.0,4,soul
1075910302,Soul,Lee Brice,Hey World,420.947,167000,False,0.63,0.55,2,-8.5,1,0.06,0.45,0.03,0.12,0.65,95.0,4,soul
558928,Soulstorm,Patrice,Nile,713.274,234000,False,0.63,0.55,2,-8.5,1,0.06,0.45,0.03,0.12,0.65,95.0,4,soul
3864263161,Soul,KhakiKid,Soul,385.073,141000,True,0.63,0.55,2,-8.5,1,0.06,0.45,0.03,0.12,0.65,95.0,4,soul
3031916551,Souls And Stars,W. Wallace,Movements,778.756,136000,False,0.63,0.55,2,-8.5,1,0.06,0.45,0.03,0.12,0.65,95.0,4,soul
3614125,Soul Kitchen,The Doors,The Doors,644.166,213000,False,0.63,0.55,2,-8.5,1,0.06,0.45,0.03,0.12,0.65,95.0,4,soul
123341186,Soul,Puggy,Colours,349.571,231000,False,0.63,0.55,2,-8.5,1,0.06,0.45,0.03,0.12,0.65,95.0,4,soul
2848229912,Soul,LouisG,Soul,310.25,187000,True,0.63,0.55,2,-8.5,1,0.06,0.45,0.03,0.12,0.65,95.0,4,soul
1779804197,soul,sentir,soul,316.101,288000,False,0.63,0.55,2,-8.5,1,0.06,0.45,0.03,0.12,0.65,95.0,4,soul
1143771972,soul,Romeo,Pedigree,309.208,147000,False,0.63,0.55,2,-8.5,1,0.06,0.45,0.03,0.12,0.65,95.0,4,soul
2363234815,Soul,Moment in Time,Soul,327.704,144000,False,0.63,0.55,2,-8.5,1,0.06,0.45,0.03,0.12,0.65,95.0,4,soul
1362538992,Soul,The Floacist,The Floacist Presents Floetry Re:Birth,294.953,173000,False,0.63,0.55,2,-8.5,1,0.06,0.45,0.03,0.12,0.65,95.0,4,soul
2714094552,The Soul,Atmozfears,The Soul,299.698,331000,False,0.63,0.55,2,-8.5,1,0.06,0.45,0.03,0.12,0.65,95.0,4,soul
1757042637,Soul (R3HAB Remix),Lee Brice,Soul (R3HAB Remix),282.3,148000,False,0.63,0.55,2,-8.5,1,0.06,0.45,0.03,0.12,0.65,95.0,4,soul
2675175,Kiss Me Thru The Phone,Soulja Boy Tell'em,iSouljaBoyTellem,763.494,193000,False,0.63,0.55,2,-8.5,1,0.06,0.45,0.03,0.12,0.65,95.0,4,soul
2653558812,The Soul,Le Bask,The Soul,272.915,219000,False,0.63,0.55,2,-8.5,1,0.06,0.45,0.03,0.12,0.65,95.0,4,soul
845331062,Soul (Japanese Bonus Track),Céline Dion,Soul (Japanese Bonus Track),269.01,194000,False,0.63,0.55,2,-8.5,1,0.06,0.45,0.03,0.12,0.65,95.0,4,soul
3366946451,Adios,Soul,Adios,292.417,178000,False,0.63,0.55,2,-8.5,1,0.06,0.45,0.03,0.12,0.65,95.0,4,soul
2235536477,Soul,Thomas Jack,Soul,278.659,205000,False,0.63,0.55,2,-8.5,1,0.06,0.45,0.03,0.12,0.65,95.0,4,soul
909969,Crank That (Soulja Boy),Soulja Boy Tell'em,souljaboytellem.com,727.765,224000,False,0.63,0.55,2,-8.5,1,0.06,0.45,0.03,0.12,0.65,95.0,4,soul
3438197991,SOUL,Kordhell,SOUL,279.771,132000,False,0.63,0.55,2,-8.5,1,0.06,0.45,0.03,0.12,0.65,95.0,4,soul
1497150702,Somewhere With You,Soul & Sister,Sow Love,232.671,177000,False,0.63,0.55,2,-8.5,1,0.06,0.45,0.03,0.12,0.65,95.0,4,soul
2555473022,Soul,Oh The Larceny,Big Big Life,246.473,191000,False,0.63,0.55,2,-8.5,1,0.06,0.45,0.03,0.12,0.65,95.0,4,soul
1482088802,Ngifuna Wena (feat. Bongo Beats and Soul),Master KG,Skeleton Move,234.604,328000,False,0.63,0.55,2,-8.5,1,0.06,0.45,0.03,0.12,0.65,95.0,4,soul
3904252281,FFF,Maikel Delacalle,FFF,232.366,164000,False,0.63,0.55,2,-8.5,1,0.06,0.45,0.03,0.12,0.65,95.0,4,soul
3737508542,Soul,Mari Sarg,Soul,206.56,144000,False,0.63,0.55,2,-8.5,1,0.06,0.45,0.03,0.12,0.65,95.0,4,soul
3438198001,SOUL (SLOWED),Kordhell,SOUL,204.718,146000,False,0.63,0.55,2,-8.5,1,0.06,0.45,0.03,0.12,0.65,95.0,4,soul
3419023641,Soul,NAMANA,Soul,240.035,182000,False,0.63,0.55,2,-8.5,1,0.06,0.45,0.03,0.12,0.65,95.0,4,soul
754060432,The Soul,Kognitif,Soul Food 2,209.723,196000,False,0.63,0.55,2,-8.5,1,0.06,0.45,0.03,0.12,0.65,95.0,4,soul
2948040391,Soul,Arka,Soul,209.101,157000,True,0.63,0.55,2,-8.5,1,0.06,0.45,0.03,0.12,0.65,95.0,4,soul
2863124782,Soul,Melly,Soul,228.495,129000,False,0.63,0.55,2,-8.5,1,0.06,0.45,0.03,0.12,0.65,95.0,4,soul
920223092,Soul,Rival Sons,Rival Sons - EP,207.137,376000,False,0.63,0.55,2,-8.5,1,0.06,0.45,0.03,0.12,0.65,95.0,4,soul
1629011982,Soul,ooxygen,light,204.596,460000,False,0.63,0.55,2,-8.5,1,0.06,0.45,0.03,0.12,0.65,95.0,4,soul
3083038691,SOUL,DRØNSOND,SOUL,192.888,94000,False,0.63,0.55,2,-8.5,1,0.06,0.45,0.03,0.12,0.65,95.0,4,soul
648261472,Soul (Rouh),Abdulrahman Mohammed,Soul (Rouh),187.131,418000,False,0.63,0.55,2,-8.5,1,0.06,0.45,0.03,0.12,0.65,95.0,4,soul
3039497541,Soul,Mia Mendi,In My Head,139.259,180000,False,0.63,0.55,2,-8.5,1,0.06,0.45,0.03,0.12,0.65,95.0,4,soul
3663342092,No Love,Maikel Delacalle,No Love,154.621,219000,True,0.63,0.55,2,-8.5,1,0.06,0.45,0.03,0.12,0.65,95.0,4,soul
3908323661,SOUL,Alt,L'envie,218.687,188000,False,0.63,0.55,2,-8.5,1,0.06,0.45,0.03,0.12,0.65,95.0,4,soul
2602643702,Soul,Mila Home,Soul,174.997,218000,False,0.63,0.55,2,-8.5,1,0.06,0.45,0.03,0.12,0.65,95.0,4,soul
3745535132,Azules,Maikel Delacalle,Azules,173.843,180000,True,0.63,0.55,2,-8.5,1,0.06,0.45,0.03,0.12,0.65,95.0,4,soul
1497150712,You're Gone,Soul & Sister,Sow Love,177.395,227000,False,0.63,0.55,2,-8.5,1,0.06,0.45,0.03,0.12,0.65,95.0,4,soul
1497150692,Another Day,Soul & Sister,Sow Love,170.112,185000,False,0.63,0.55,2,-8.5,1,0.06,0.45,0.03,0.12,0.65,95.0,4,soul
1527724072,Soul,Chetta,Diary of a Felon,183.559,226000,True,0.63,0.55,2,-8.5,1,0.06,0.45,0.03,0.12,0.65,95.0,4,soul
1508306052,Добрый я,Soul,Добрый я,181.23,171000,False,0.63,0.55,2,-8.5,1,0.06,0.45,0.03,0.12,0.65,95.0,4,soul
122612330,Write This Down,Soulchef,Sunflower in the Sunlight,630.126,188000,False,0.63,0.55,2,-8.5,1,0.06,0.45,0.03,0.12,0.65,95.0,4,soul
3284432211,SOUL (Slowed),UdieNnx,UDISTRUCT,153.067,91000,False,0.63,0.55,2,-8.5,1,0.06,0.45,0.03,0.12,0.65,95.0,4,soul
3247953491,SOUL (I),Breakneck,BREAKNECK,175.998,122000,False,0.63,0.55,2,-8.5,1,0.06,0.45,0.03,0.12,0.65,95.0,4,soul
2223736107,Soul,LAUTRE.,Soul,142.904,152000,False,0.63,0.55,2,-8.5,1,0.06,0.45,0.03,0.12,0.65,95.0,4,soul
1414444172,Soul,Invader Space,Soul,173.565,442000,False,0.63,0.55,2,-8.5,1,0.06,0.45,0.03,0.12,0.65,95.0,4,soul
1687145747,Soul,Xavier Wulf,Shut up Be Quiet,172.523,232000,True,0.63,0.55,2,-8.5,1,0.06,0.45,0.03,0.12,0.65,95.0,4,soul
1999064487,Soul,VEDO,Mood Swings,140.727,157000,False,0.63,0.55,2,-8.5,1,0.06,0.45,0.03,0.12,0.65,95.0,4,soul
3166757891,SOUL,LXGHTLXSS,SOUL,156.754,115000,False,0.63,0.55,2,-8.5,1,0.06,0.45,0.03,0.12,0.65,95.0,4,soul
3872754681,The Soul,Sarah Nimmo,The Soul,156.167,217000,False,0.63,0.55,2,-8.5,1,0.06,0.45,0.03,0.12,0.65,95.0,4,soul
1562998862,Soul,Ambyr Marie,Eternal,139.762,206000,False,0.63,0.55,2,-8.5,1,0.06,0.45,0.03,0.12,0.65,95.0,4,soul
2010853257,Soul,Jordan,Crooks and Queens,152.512,188000,True,0.63,0.55,2,-8.5,1,0.06,0.45,0.03,0.12,0.65,95.0,4,soul
732845272,Tell It Like It Is,S.O.U.L.,Can You Feel It,140.687,261000,False,0.63,0.55,2,-8.5,1,0.06,0.45,0.03,0.12,0.65,95.0,4,soul
3891201441,The Soul,Cleonice Havrelhuk,The Soul,87.381,184000,False,0.63,0.55,2,-8.5,1,0.06,0.45,0.03,0.12,0.65,95.0,4,soul
3157729931,Amour intérêt,Soul,Amour intérêt,123.979,189000,False,0.63,0.55,2,-8.5,1,0.06,0.45,0.03,0.12,0.65,95.0,4,soul
2714094562,The Soul (Extended Mix),Atmozfears,The Soul,114.243,332000,False,0.63,0.55,2,-8.5,1,0.06,0.45,0.03,0.12,0.65,95.0,4,soul
2942066231,Soul (feat. Santy.),DJ Quads,Soul (feat. Santy.),158.749,116000,False,0.63,0.55,2,-8.5,1,0.06,0.45,0.03,0.12,0.65,95.0,4,soul
1029669042,Soul (Kula Edit),DJ Taz Rashid,The Calling,162.475,243000,False,0.63,0.55,2,-8.5,1,0.06,0.45,0.03,0.12,0.65,95.0,4,soul
3818354741,Tambores,Maikel Delacalle,Tambores,158.925,176000,True,0.63,0.55,2,-8.5,1,0.06,0.45,0.03,0.12,0.65,95.0,4,soul
3204012761,Soul,The Morning After,Look at You Now,161.725,169000,False,0.63,0.55,2,-8.5,1,0.06,0.45,0.03,0.12,0.65,95.0,4,soul
1277440702,Soul (Matrheim Remix),Amstra,Blissful Solitude,141.258,338000,False,0.63,0.55,2,-8.5,1,0.06,0.45,0.03,0.12,0.65,95.0,4,soul
3284432131,SOUL,UdieNnx,UDISTRUCT,155.706,79000,False,0.63,0.55,2,-8.5,1,0.06,0.45,0.03,0.12,0.65,95.0,4,soul
3343594691,S.OU.L.,Ace Hood,S.O.U.L.,131.571,255000,True,0.63,0.55,2,-8.5,1,0.06,0.45,0.03,0.12,0.65,95.0,4,soul
970524682,Soul,Lay,LIT,131.461,178000,False,0.63,0.55,2,-8.5,1,0.06,0.45,0.03,0.12,0.65,95.0,4,soul
756729542,Soul,A Broken Silence,Soul,144.86,192000,False,0.63,0.55,2,-8.5,1,0.06,0.45,0.03,0.12,0.65,95.0,4,soul
3284924561,Soul,Liniorr,Soul,154.914,293000,False,0.63,0.55,2,-8.5,1,0.06,0.45,0.03,0.12,0.65,95.0,4,soul
132637562,Soul,Cortex,"Cortex, Vol. 2",155.056,177000,False,0.63,0.55,2,-8.5,1,0.06,0.45,0.03,0.12,0.65,95.0,4,soul
135370574,"Soul (Live At Ancienne Belgique, Brussels / 2016)",Puggy,Colours (Deluxe),154.741,271000,False,0.63,0.55,2,-8.5,1,0.06,0.45,0.03,0.12,0.65,95.0,4,soul
712825922,Soul,Menumas,Soul,114.405,496000,False,0.63,0.55,2,-8.5,1,0.06,0.45,0.03,0.12,0.65,95.0,4,soul
104011124,Soul Survivor,Young Jeezy,Let’s Get It: Thug Motivation 101 (Deluxe Edition),611.028,280000,True,0.63,0.55,2,-8.5,1,0.06,0.45,0.03,0.12,0.65,95.0,4,soul
699622092,Soul,Marsh,Soul EP,109.647,203000,False,0.63,0.55,2,-8.5,1,0.06,0.45,0.03,0.12,0.65,95.0,4,soul
3541876171,soul,Jinca,soul,71.629,73000,False,0.63,0.55,2,-8.5,1,0.06,0.45,0.03,0.12,0.65,95.0,4,soul
3066252711,Soul,Rival Sons,"Pair of Aces, Pt. 2",135.682,823000,False,0.63,0.55,2,-8.5,1,0.06,0.45,0.03,0.12,0.65,95.0,4,soul
3083038701,SOUL (Slowed),DRØNSOND,SOUL,9.267,101000,False,0.63,0.55,2,-8.5,1,0.06,0.45,0.03,0.12,0.65,95.0,4,soul
4091850,It's a Man's Man's Man's World,Seal,Soul,599.118,233000,False,0.63,0.55,2,-8.5,1,0.06,0.45,0.03,0.12,0.65,95.0,4,soul
4091849,I Can't Stand the Rain,Seal,Soul,482.52,214000,False,0.63,0.55,2,-8.5,1,0.06,0.45,0.03,0.12,0.65,95.0,4,soul
4091848,A Change Is Gonna Come,Seal,Soul,479.649,233000,False,0.63,0.55,2,-8.5,1,0.06,0.45,0.03,0.12,0.65,95.0,4,soul
91240132,Sitting on the Dock of the Bay,Otis Redding,Soul,521.491,161000,False,0.63,0.55,2,-8.5,1,0.06,0.45,0.03,0.12,0.65,95.0,4,soul
1173679732,It's All Right,Jon Batiste,Soul (Original Motion Picture Soundtrack),507.275,171000,False,0.63,0.55,2,-8.5,1,0.06,0.45,0.03,0.12,0.65,95.0,4,soul
3923661,Soul Man,Sam & Dave,Soul Men,601.597,159000,False,0.63,0.55,2,-8.5,1,0.06,0.45,0.03,0.12,0.65,95.0,4,soul
3887468411,Carry me home,Afro House Galaxy,SOUL TO SOUL,703.098,252000,False,0.63,0.55,2,-8.5,1,0.06,0.45,0.03,0.12,0.65,95.0,4,soul
1173672332,Born to Play,Jon Batiste,Soul (Bande Originale Française du Film),397.558,120000,False,0.63,0.55,2,-8.5,1,0.06,0.45,0.03,0.12,0.65,95.0,4,soul
2133626,I Say a Little Prayer,Aretha Franklin,Soul Queen,865.685,212000,False,0.63,0.55,2,-8.5,1,0.06,0.45,0.03,0.12,0.65,95.0,4,soul
3522142411,soul in a shell,YTHAN,soul in a shell,538.735,213000,False,0.63,0.55,2,-8.5,1,0.06,0.45,0.03,0.12,0.65,95.0,4,soul
3887468341,Moyo Milele,Afro House Galaxy,SOUL TO SOUL,577.168,244000,False,0.63,0.55,2,-8.5,1,0.06,0.45,0.03,0.12,0.65,95.0,4,soul
2507005,Soul Bossa Nova,Quincy Jones,Talkin' Verve: Quincy Jones,579.323,164000,False,0.63,0.55,2,-8.5,1,0.06,0.45,0.03,0.12,0.65,95.0,4,soul
1142756,Soul Shadows (Edit),The Crusaders,Gold,563.609,385000,False,0.63,0.55,2,-8.5,1,0.06,0.45,0.03,0.12,0.65,95.0,4,soul
1579681,Soul Sista,Bilal,1st Born Second,569.947,318000,True,0.63,0.55,2,-8.5,1,0.06,0.45,0.03,0.12,0.65,95.0,4,soul
4162671,Soul Meets Body,Death Cab For Cutie,Plans,531.624,230000,False,0.63,0.55,2,-8.5,1,0.06,0.45,0.03,0.12,0.65,95.0,4,soul
729120,Soul Finger,The Bar-Kays,Soul Finger,420.637,142000,False,0.63,0.55,2,-8.5,1,0.06,0.45,0.03,0.12,0.65,95.0,4,soul
3379898381,Soul Song No. 21,Heikki Hallanoro,"Soul Songs, Vol. 3",445.809,163000,False,0.63,0.55,2,-8.5,1,0.06,0.45,0.03,0.12,0.65,95.0,4,soul
2310041,Soul Power 74,Maceo And The Macks,Funked! : Volume 2 1973-1977,494.677,247000,False,0.63,0.55,2,-8.5,1,0.06,0.45,0.03,0.12,0.65,95.0,4,soul
127677897,Soul Eyes,Kandace Springs,Soul Eyes,322.052,202000,False,0.63,0.55,2,-8.5,1,0.06,0.45,0.03,0.12,0.65,95.0,4,soul
115817832,Rasta Got Soul,Fantan Mojah,Soul Rasta,503.194,265000,False,0.63,0.55,2,-8.5,1,0.06,0.45,0.03,0.12,0.65,95.0,4,soul
872090,This Is the Day,The The,Soul Mining,708.091,296000,False,0.63,0.55,2,-8.5,1,0.06,0.45,0.03,0.12,0.65,95.0,4,soul
3592599732,Soul Kiss,Roberto Fonseca,Nuit parisienne à La Havane,430.718,250000,False,0.63,0.55,2,-8.5,1,0.06,0.45,0.03,0.12,0.65,95.0,4,soul
3134897,Back To Life (However Do You Want Me),Soul II Soul,Club Classics Vol. One,481.659,226000,False,0.63,0.55,2,-8.5,1,0.06,0.45,0.03,0.12,0.65,95.0,4,soul
1355517032,Soul II (Elan),Sebastian Plano,Soul II (Elan),366.963,219000,False,0.63,0.55,2,-8.5,1,0.06,0.45,0.03,0.12,0.65,95.0,4,soul
77879627,Soul Sacrifice,Santana,Santana,376.473,397000,False,0.63,0.55,2,-8.5,1,0.06,0.45,0.03,0.12,0.65,95.0,4,soul
4091858,Stand by Me,Seal,Soul,624.798,243000,False,0.63,0.55,2,-8.5,1,0.06,0.45,0.03,0.12,0.65,95.0,4,soul
785207,Soul to Squeeze,Red Hot Chili Peppers,Greatest Hits,654.001,289000,False,0.63,0.55,2,-8.5,1,0.06,0.45,0.03,0.12,0.65,95.0,4,soul
564564462,Soul Makossa,Manu Dibango,Manu Dibango Anthology,578.89,264000,False,0.63,0.55,2,-8.5,1,0.06,0.45,0.03,0.12,0.65,95.0,4,soul
107471922,Soul Love (2012 Remaster),David Bowie,The Rise and Fall of Ziggy Stardust and the Spiders from Mars (2012 Remaster),529.972,214000,False,0.63,0.55,2,-8.5,1,0.06,0.45,0.03,0.12,0.65,95.0,4,soul
3125398,Soul Rebel (1990 Digital Remaster),The Gladiators,Dreadlocks The Time Is Now,628.234,234000,False,0.63,0.55,2,-8.5,1,0.06,0.45,0.03,0.12,0.65,95.0,4,soul
4091852,I've Been Loving You Too Long,Seal,Soul,409.894,186000,False,0.63,0.55,2,-8.5,1,0.06,0.45,0.03,0.12,0.65,95.0,4,soul
4091854,If You Don't Know Me by Now,Seal,Soul,424.724,227000,False,0.63,0.55,2,-8.5,1,0.06,0.45,0.03,0.12,0.65,95.0,4,soul
2968107961,Groove Baby Groove,Michel Jonasz,SOUL,409.751,317000,False,0.63,0.55,2,-8.5,1,0.06,0.45,0.03,0.12,0.65,95.0,4,soul
4091855,Knock on Wood,Seal,Soul,389.342,200000,False,0.63,0.55,2,-8.5,1,0.06,0.45,0.03,0.12,0.65,95.0,4,soul
2968108051,Joueurs de Blues,Michel Jonasz,SOUL,372.823,232000,False,0.63,0.55,2,-8.5,1,0.06,0.45,0.03,0.12,0.65,95.0,4,soul
4091851,Here I Am (Come and Take Me),Seal,Soul,357.997,248000,False,0.63,0.55,2,-8.5,1,0.06,0.45,0.03,0.12,0.65,95.0,4,soul
4091853,It's Alright,Seal,Soul,359.475,223000,False,0.63,0.55,2,-8.5,1,0.06,0.45,0.03,0.12,0.65,95.0,4,soul
5617490,Soul Vibration,J-Walk,A Night On The Rocks,436.436,224000,False,0.63,0.55,2,-8.5,1,0.06,0.45,0.03,0.12,0.65,95.0,4,soul
4091857,Free,Seal,Soul,348.752,203000,False,0.63,0.55,2,-8.5,1,0.06,0.45,0.03,0.12,0.65,95.0,4,soul
2968107971,Les wagonnets,Michel Jonasz,SOUL,355.974,257000,False,0.63,0.55,2,-8.5,1,0.06,0.45,0.03,0.12,0.65,95.0,4,soul
4091856,I'm Still in Love with You,Seal,Soul,318.462,273000,False,0.63,0.55,2,-8.5,1,0.06,0.45,0.03,0.12,0.65,95.0,4,soul
4091859,People Get Ready,Seal,Soul,332.996,215000,False,0.63,0.55,2,-8.5,1,0.06,0.45,0.03,0.12,0.65,95.0,4,soul
1173673022,"Je reviens plus fort (Inspiré par ""Soul"")",Abi Bernadoth,Soul (Bande Originale Française du Film),307.615,153000,False,0.63,0.55,2,-8.5,1,0.06,0.45,0.03,0.12,0.65,95.0,4,soul
3959982381,Soul,Ranji,Soul,148.745,316000,False,0.63,0.55,2,-8.5,1,0.06,0.45,0.03,0.12,0.65,95.0,4,soul
3464335531,Soul,Drew Guy,Soul,363.697,189000,False,0.63,0.55,2,-8.5,1,0.06,0.45,0.03,0.12,0.65,95.0,4,soul
1462778442,Soul Searcher,Wh0,Soul Searcher,537.749,188000,False,0.63,0.55,2,-8.5,1,0.06,0.45,0.03,0.12,0.65,95.0,4,soul
1741718587,Sala Papa Ye,Soulroots,Sala Papa Ye,526.341,213000,False,0.63,0.55,2,-8.5,1,0.06,0.45,0.03,0.12,0.65,95.0,4,soul
1351840292,SOUL SPEECH,Rilès,SOUL SPEECH,480.728,268000,True,0.63,0.55,2,-8.5,1,0.06,0.45,0.03,0.12,0.65,95.0,4,soul
1918543907,Get Myself With You,S.O.U.L,S.O.U.L MINI ALBUM,122.977,214000,False,0.63,0.55,2,-8.5,1,0.06,0.45,0.03,0.12,0.65,95.0,4,soul
2267314037,Soul Sacrifice,Dombresky,Soul Sacrifice,473.311,232000,False,0.63,0.55,2,-8.5,1,0.06,0.45,0.03,0.12,0.65,95.0,4,soul
2831002442,Soul Tied,Ashley Singh,Soul Tied,478.749,217000,False,0.63,0.55,2,-8.5,1,0.06,0.45,0.03,0.12,0.65,95.0,4,soul
1180925382,Chocolate (Choco Choco),Soul Control,Here We Go,475.088,196000,False,0.63,0.55,2,-8.5,1,0.06,0.45,0.03,0.12,0.65,95.0,4,soul
3125980,Keep On Movin',Soul II Soul,Keep On Movin',480.699,360000,False,0.63,0.55,2,-8.5,1,0.06,0.45,0.03,0.12,0.65,95.0,4,soul
3076116501,Soul Serenade,Family Company,Family Company,535.523,189000,False,0.63,0.55,2,-8.5,1,0.06,0.45,0.03,0.12,0.65,95.0,4,soul
476096032,Soul Food,PLÜM,Soul Food,422.518,195000,False,0.63,0.55,2,-8.5,1,0.06,0.45,0.03,0.12,0.65,95.0,4,soul
2677806142,Soul-net,DIIV,Soul-net,415.804,264000,False,0.63,0.55,2,-8.5,1,0.06,0.45,0.03,0.12,0.65,95.0,4,soul
2556780,Misery,Soul Asylum,Let Your Dim Light Shine,506.983,264000,False,0.63,0.55,2,-8.5,1,0.06,0.45,0.03,0.12,0.65,95.0,4,soul
1705365157,Soul Steppin,Family Company,contributions,501.553,181000,False,0.63,0.55,2,-8.5,1,0.06,0.45,0.03,0.12,0.65,95.0,4,soul
2938944901,Soul,Revshark,Simulacra,112.408,260000,False,0.63,0.55,2,-8.5,1,0.06,0.45,0.03,0.12,0.65,95.0,4,soul
2699302192,Soul Whispering,Warren Shanti,Soul Whispering,368.844,420000,False,0.63,0.55,2,-8.5,1,0.06,0.45,0.03,0.12,0.65,95.0,4,soul
1620940882,summer in paris,Soul Legend,summer in paris,372.981,116000,False,0.63,0.55,2,-8.5,1,0.06,0.45,0.03,0.12,0.65,95.0,4,soul
51715901,Soul,Quantum Leap,The Lost Tracks (A Retrospective Album Trilogy),121.649,453000,False,0.63,0.55,2,-8.5,1,0.06,0.45,0.03,0.12,0.65,95.0,4,soul
829120622,Zen,Zen & Soul,432hz,175.666,261000,False,0.63,0.55,2,-8.5,1,0.06,0.45,0.03,0.12,0.65,95.0,4,soul
3083038721,SOUL (Super Slowed),DRØNSOND,SOUL,114.136,110000,False,0.63,0.55,2,-8.5,1,0.06,0.45,0.03,0.12,0.65,95.0,4,soul
831898912,Soul Mates,Jazzinuf,Soul Mates,317.624,96000,False,0.63,0.55,2,-8.5,1,0.06,0.45,0.03,0.12,0.65,95.0,4,soul
1504361752,Soul Ties,Booka600,LOYAL,436.161,205000,True,0.63,0.55,2,-8.5,1,0.06,0.45,0.03,0.12,0.65,95.0,4,soul
829120652,Vibración,Zen & Soul,432hz,170.347,213000,False,0.63,0.55,2,-8.5,1,0.06,0.45,0.03,0.12,0.65,95.0,4,soul
2085863457,Soul Tropical,David Walters,Soul Tropical,377.558,224000,False,0.63,0.55,2,-8.5,1,0.06,0.45,0.03,0.12,0.65,95.0,4,soul
829120602,Universe,Zen & Soul,432hz,129.679,261000,False,0.63,0.55,2,-8.5,1,0.06,0.45,0.03,0.12,0.65,95.0,4,soul
6630759,Soul Meeting,Soul Clan,Soul Clan,358.327,207000,False,0.63,0.55,2,-8.5,1,0.06,0.45,0.03,0.12,0.65,95.0,4,soul
2069056987,Soul Smile,Yellow Days,Soul Smile,400.547,249000,False,0.63,0.55,2,-8.5,1,0.06,0.45,0.03,0.12,0.65,95.0,4,soul
1785947667,Soul Bleach,Parkway Drive,Darker Still,414.269,211000,True,0.63,0.55,2,-8.5,1,0.06,0.45,0.03,0.12,0.65,95.0,4,soul
1773240457,Soul Provider,Grouch,Soul Provider,332.632,441000,False,0.63,0.55,2,-8.5,1,0.06,0.45,0.03,0.12,0.65,95.0,4,soul
2578432802,Soul Rush,Xeni,Soul Rush,289.307,105000,True,0.63,0.55,2,-8.5,1,0.06,0.45,0.03,0.12,0.65,95.0,4,soul
1486221502,What Is Jazz?,Soul Legend,What Is Jazz,404.139,137000,False,0.63,0.55,2,-8.5,1,0.06,0.45,0.03,0.12,0.65,95.0,4,soul
3696092432,Soul Sister,Gildaa,GILDAA,365.555,208000,False,0.63,0.55,2,-8.5,1,0.06,0.45,0.03,0.12,0.65,95.0,4,soul
3775871752,Soul On Fire,Godsmack,Lighting Up The Sky,446.961,245000,False,0.63,0.55,2,-8.5,1,0.06,0.45,0.03,0.12,0.65,95.0,4,soul
91383172,Soul Searching,Dafuniks,Past Present Future...,420.275,227000,False,0.63,0.55,2,-8.5,1,0.06,0.45,0.03,0.12,0.65,95.0,4,soul
998773992,Soul Song,Grey Daze,Amends,409.47,247000,False,0.63,0.55,2,-8.5,1,0.06,0.45,0.03,0.12,0.65,95.0,4,soul
917141542,Soul Makossa,Manu Dibango,Best Of,432.505,265000,False,0.63,0.55,2,-8.5,1,0.06,0.45,0.03,0.12,0.65,95.0,4,soul
905704,Soul Fire,"Lee ""Scratch"" Perry",Soul Fire - An Introduction To,412.308,230000,False,0.63,0.55,2,-8.5,1,0.06,0.45,0.03,0.12,0.65,95.0,4,soul
3501936671,Soul on Fire,Oliver Malcolm,"When Lightning Strikes, Wear It",445.922,114000,False,0.63,0.55,2,-8.5,1,0.06,0.45,0.03,0.12,0.65,95.0,4,soul
3464335561,Flashback Summer,Drew Guy,Soul,225.676,173000,False,0.63,0.55,2,-8.5,1,0.06,0.45,0.03,0.12,0.65,95.0,4,soul
2527265941,Runaway Train (MTV Unplugged Live),Soul Asylum,The Complete Unplugged - NYC '93,395.885,322000,False,0.63,0.55,2,-8.5,1,0.06,0.45,0.03,0.12,0.65,95.0,4,soul
2968108031,Lord Have Mercy,Michel Jonasz,SOUL,287.417,321000,False,0.63,0.55,2,-8.5,1,0.06,0.45,0.03,0.12,0.65,95.0,4,soul
3134893,Back To Life,Soul II Soul,Club Classics Vol. One,379.033,219000,False,0.63,0.55,2,-8.5,1,0.06,0.45,0.03,0.12,0.65,95.0,4,soul
3495446681,Soul Sanctum,Christopher Larkin,Hollow Knight (Original Soundtrack),395.093,270000,False,0.63,0.55,2,-8.5,1,0.06,0.45,0.03,0.12,0.65,95.0,4,soul
576846,Soul Provider,Michael Bolton,Michael Bolton The Very Best,391.462,268000,False,0.63,0.55,2,-8.5,1,0.06,0.45,0.03,0.12,0.65,95.0,4,soul
3148473181,Soul Connection,Clara Sophia,Timeless Frequencies,379.852,284000,False,0.63,0.55,2,-8.5,1,0.06,0.45,0.03,0.12,0.65,95.0,4,soul
3217927851,Soul Rebel,Ponto De Equilíbrio,Abre a Janela,390.217,238000,False,0.63,0.55,2,-8.5,1,0.06,0.45,0.03,0.12,0.65,95.0,4,soul
2968108001,Lucille,Michel Jonasz,SOUL,323.794,286000,False,0.63,0.55,2,-8.5,1,0.06,0.45,0.03,0.12,0.65,95.0,4,soul
2491064841,Soul,Osa,N E B U L A,123.422,107000,False,0.63,0.55,2,-8.5,1,0.06,0.45,0.03,0.12,0.65,95.0,4,soul
1481975722,Soul Education,Jamiroquai,Synkronized,378.27,254000,False,0.63,0.55,2,-8.5,1,0.06,0.45,0.03,0.12,0.65,95.0,4,soul
2968107981,Minuit sonne,Michel Jonasz,SOUL,318.335,272000,False,0.63,0.55,2,-8.5,1,0.06,0.45,0.03,0.12,0.65,95.0,4,soul
3464335581,Lollipop Laserbeam,Drew Guy,Soul,263.415,243000,False,0.63,0.55,2,-8.5,1,0.06,0.45,0.03,0.12,0.65,95.0,4,soul
1925300117,Soul,Rap Box,Soul,104.621,199000,False,0.63,0.55,2,-8.5,1,0.06,0.45,0.03,0.12,0.65,95.0,4,soul
1497150722,Stay Strong,Soul & Sister,Sow Love,90.691,258000,False,0.63,0.55,2,-8.5,1,0.06,0.45,0.03,0.12,0.65,95.0,4,soul
4091860,In the Midnight Hour,Seal,Soul,259.733,188000,False,0.63,0.55,2,-8.5,1,0.06,0.45,0.03,0.12,0.65,95.0,4,soul
120769694,Soul,Loki8,Mirror,113.232,429000,False,0.63,0.55,2,-8.5,1,0.06,0.45,0.03,0.12,0.65,95.0,4,soul
3649662092,Indie,Violent Vira,Lover Of A Ghost,297.859,174000,True,0.55,0.6,4,-8.0,1,0.04,0.3,0.08,0.12,0.48,115.0,4,indie
1582739,Indie,Rachid Taha,"1, 2, 3 Soleils",260.532,338000,False,0.55,0.6,4,-8.0,1,0.04,0.3,0.08,0.12,0.48,115.0,4,indie
2139868027,Indie (The Riddle) (DJ Konik Remix),D4ma,Indie (The Riddle),153.684,311000,False,0.55,0.6,4,-8.0,1,0.04,0.3,0.08,0.12,0.48,115.0,4,indie
2217430767,Indie (Original Mix),Ost & Kjex,Lulu,101.737,437000,False,0.55,0.6,4,-8.0,1,0.04,0.3,0.08,0.12,0.48,115.0,4,indie
455225292,L'Indien,Juliette Armanet,Petite Amie (Deluxe),613.216,212000,False,0.55,0.6,4,-8.0,1,0.04,0.3,0.08,0.12,0.48,115.0,4,indie
2652433032,Indie,Chineur,Assamplage,116.058,239000,False,0.55,0.6,4,-8.0,1,0.04,0.3,0.08,0.12,0.48,115.0,4,indie
3932924171,Indie,N2N,Indie,112.184,243000,False,0.55,0.6,4,-8.0,1,0.04,0.3,0.08,0.12,0.48,115.0,4,indie
2321088215,Indie (The Game Is Afoot Mix),Rachid Taha,RMX,112.99,527000,False,0.55,0.6,4,-8.0,1,0.04,0.3,0.08,0.12,0.48,115.0,4,indie
85307534,Indie,Korpus,Indie,98.858,326000,False,0.55,0.6,4,-8.0,1,0.04,0.3,0.08,0.12,0.48,115.0,4,indie
2127437187,Indie,Braxton Cook,Who Are You When No One is Watching?,91.486,334000,False,0.55,0.6,4,-8.0,1,0.04,0.3,0.08,0.12,0.48,115.0,4,indie
935299442,Indie,Rachid Taha,Rock'n'Raï,126.731,260000,False,0.55,0.6,4,-8.0,1,0.04,0.3,0.08,0.12,0.48,115.0,4,indie
681406462,Indie,Ampish,Indie / Glitches,59.713,208000,False,0.55,0.6,4,-8.0,1,0.04,0.3,0.08,0.12,0.48,115.0,4,indie
2139840647,Mundian To Bach Ke,Panjabi MC,The Album,726.994,245000,False,0.55,0.6,4,-8.0,1,0.04,0.3,0.08,0.12,0.48,115.0,4,indie
618774532,Indie,Bugge Wesseltoft,Film Ing,26.69,248000,False,0.55,0.6,4,-8.0,1,0.04,0.3,0.08,0.12,0.48,115.0,4,indie
2618628992,Indie,Mark Lotterman,Year Without Summer,41.043,215000,True,0.55,0.6,4,-8.0,1,0.04,0.3,0.08,0.12,0.48,115.0,4,indie
1234608122,dalgona coffee,Indie,twenty,53.063,146000,False,0.55,0.6,4,-8.0,1,0.04,0.3,0.08,0.12,0.48,115.0,4,indie
3976054,Indie (Instrumental),Rachid Taha,Rachid Taha,90.931,330000,False,0.55,0.6,4,-8.0,1,0.04,0.3,0.08,0.12,0.48,115.0,4,indie
3505907181,Indie,Daisy Dreams,Indie,65.097,238000,False,0.55,0.6,4,-8.0,1,0.04,0.3,0.08,0.12,0.48,115.0,4,indie
2351391915,Indie,Retro 1312,Infravalorado,31.797,147000,False,0.55,0.6,4,-8.0,1,0.04,0.3,0.08,0.12,0.48,115.0,4,indie
1214152672,Indie,IMRSQD,Indie,26.898,104000,False,0.55,0.6,4,-8.0,1,0.04,0.3,0.08,0.12,0.48,115.0,4,indie
1366419102,Bad Gyal Anthem,DJ Sabz,Speaker Box Riddim,31.098,149000,False,0.55,0.6,4,-8.0,1,0.04,0.3,0.08,0.12,0.48,115.0,4,indie
498984892,Sad People Hypnotize (feat. Indie),H E R B,Existance,37.481,81000,False,0.55,0.6,4,-8.0,1,0.04,0.3,0.08,0.12,0.48,115.0,4,indie
61116574,In the End We All Die,Indie,In the End We All Die,26.582,178000,True,0.55,0.6,4,-8.0,1,0.04,0.3,0.08,0.12,0.48,115.0,4,indie
374480811,Indie,Shayman,Monogame,26.268,557000,False,0.55,0.6,4,-8.0,1,0.04,0.3,0.08,0.12,0.48,115.0,4,indie
3457269291,Indie,Mila Rubio,Indie,9.683,216000,False,0.55,0.6,4,-8.0,1,0.04,0.3,0.08,0.12,0.48,115.0,4,indie
498984902,Mind & Heart (feat. Indie),H E R B,Existance,7.945,97000,False,0.55,0.6,4,-8.0,1,0.04,0.3,0.08,0.12,0.48,115.0,4,indie
3015737121,Indie,Taaryn,Five Nights at Freddy’s: In Real Time | Original Concept Album and Soundtrack,13.266,195000,False,0.55,0.6,4,-8.0,1,0.04,0.3,0.08,0.12,0.48,115.0,4,indie
581867892,Indie,Hilde Selvikvåg,Indie,33.249,204000,False,0.55,0.6,4,-8.0,1,0.04,0.3,0.08,0.12,0.48,115.0,4,indie
143611358,In Die,Franco Simone,Stabat Mater,11.522,288000,False,0.55,0.6,4,-8.0,1,0.04,0.3,0.08,0.12,0.48,115.0,4,indie
2031553697,Indie,Faredge,KL-LA,9.047,164000,False,0.55,0.6,4,-8.0,1,0.04,0.3,0.08,0.12,0.48,115.0,4,indie
74157361,Indie,Tobi King,Magia,18.637,232000,False,0.55,0.6,4,-8.0,1,0.04,0.3,0.08,0.12,0.48,115.0,4,indie
2784658382,Indie,Kyookey,Indie,28.976,187000,False,0.55,0.6,4,-8.0,1,0.04,0.3,0.08,0.12,0.48,115.0,4,indie
2202206107,Lose Control,Chris Tijera,Lose Control,392.192,205000,False,0.55,0.6,4,-8.0,1,0.04,0.3,0.08,0.12,0.48,115.0,4,indie
1039898562,Les indiens de Malicoco,Bambino Style,Vanille Fraise,463.421,158000,False,0.55,0.6,4,-8.0,1,0.04,0.3,0.08,0.12,0.48,115.0,4,indie
3102536011,Bon anniversaire les p'tits indiens !,Patapouf,BON ANNIVERSAIRE LES P'TITS INDIENS ! Et autres chansons du Far-West..,668.41,157000,False,0.55,0.6,4,-8.0,1,0.04,0.3,0.08,0.12,0.48,115.0,4,indie
3104352791,Indie Kaf,Marcus,Indie Kaf,456.366,186000,False,0.55,0.6,4,-8.0,1,0.04,0.3,0.08,0.12,0.48,115.0,4,indie
367753611,Chacun sa route,Kod,Chacun sa route,621.542,181000,False,0.55,0.6,4,-8.0,1,0.04,0.3,0.08,0.12,0.48,115.0,4,indie
2670679392,Indie Kids,Ceci,Indie Kids,385.23,265000,False,0.55,0.6,4,-8.0,1,0.04,0.3,0.08,0.12,0.48,115.0,4,indie
3608115372,Indie Rokkers,MGMT,Time to Pretend,375.01,266000,False,0.55,0.6,4,-8.0,1,0.04,0.3,0.08,0.12,0.48,115.0,4,indie
136839868,Les indiens dansent toute la nuit,Marie-Céline,"Chansons - devinettes, Vol. 2",296.465,162000,False,0.55,0.6,4,-8.0,1,0.04,0.3,0.08,0.12,0.48,115.0,4,indie
2959441161,Indie Disco Grooves,Limelight Sound,"Instrumental Lounge (Chill & House), Vol. 5",334.212,88000,False,0.55,0.6,4,-8.0,1,0.04,0.3,0.08,0.12,0.48,115.0,4,indie
3503903171,Indie Boyz,Pacifica,In Your Face!,303.607,146000,False,0.55,0.6,4,-8.0,1,0.04,0.3,0.08,0.12,0.48,115.0,4,indie
1929772967,Indie Cindy,Pixies,Indie Cindy,310.959,281000,True,0.55,0.6,4,-8.0,1,0.04,0.3,0.08,0.12,0.48,115.0,4,indie
1849687147,indieedgycool,GAYLE,indieedgycool,348.606,146000,True,0.55,0.6,4,-8.0,1,0.04,0.3,0.08,0.12,0.48,115.0,4,indie
432381922,The Indie Queens Are Waiting,Dan Mangan,"Nice, Nice, Very Nice",299.265,218000,False,0.55,0.6,4,-8.0,1,0.04,0.3,0.08,0.12,0.48,115.0,4,indie
64148608,Indie Walk,DJ Markarian,Indian Time,321.639,245000,False,0.55,0.6,4,-8.0,1,0.04,0.3,0.08,0.12,0.48,115.0,4,indie
837671332,L'indien,Klub des Loosers,La fin de l'espèce,291.362,167000,True,0.55,0.6,4,-8.0,1,0.04,0.3,0.08,0.12,0.48,115.0,4,indie
3789590242,Indiest Girl At School,The Femcels,I Have To Get Hotter,272.328,99000,False,0.55,0.6,4,-8.0,1,0.04,0.3,0.08,0.12,0.48,115.0,4,indie
3389598371,Indie Memories,AlBooM,Indie Pop Rock,7.002,134000,False,0.55,0.6,4,-8.0,1,0.04,0.3,0.08,0.12,0.48,115.0,4,indie
3606714602,Stay,The Indien,The Indien,254.006,185000,False,0.55,0.6,4,-8.0,1,0.04,0.3,0.08,0.12,0.48,115.0,4,indie
575885322,L'indien (Live - Nuits de Fourvière 2018),Juliette Armanet,Petite Amie (Live & Bonus),248.777,323000,False,0.55,0.6,4,-8.0,1,0.04,0.3,0.08,0.12,0.48,115.0,4,indie
2426037315,STILL HOLY (feat. Mogli the Iceburg & Jon Keith),indie tribe,STILL HOLY (feat. Mogli the Iceburg & Jon Keith),209.814,177000,False,0.55,0.6,4,-8.0,1,0.04,0.3,0.08,0.12,0.48,115.0,4,indie
2377877275,ACT (feat. Mogli the Iceburg),indie tribe,L O W B L O W,283.382,147000,False,0.55,0.6,4,-8.0,1,0.04,0.3,0.08,0.12,0.48,115.0,4,indie
1146872,Black Hole Sun,Soundgarden,Indie Anthems,468.242,318000,False,0.55,0.6,4,-8.0,1,0.04,0.3,0.08,0.12,0.48,115.0,4,indie
3988976581,Indie,LOCKONVISIONSKII,Moonmen,100.0,106000,True,0.55,0.6,4,-8.0,1,0.04,0.3,0.08,0.12,0.48,115.0,4,indie
3976386221,Indie,Addias De Jesus Perez,Garage,100.0,98000,False,0.55,0.6,4,-8.0,1,0.04,0.3,0.08,0.12,0.48,115.0,4,indie
3964794511,Bagai Minyak Dan Air,Febian,Febian & Indie - Bagai Minyak Dan Air,100.0,354000,False,0.55,0.6,4,-8.0,1,0.04,0.3,0.08,0.12,0.48,115.0,4,indie
3987050411,Indie,Morgann Music,Tout Est Là,100.0,74000,False,0.55,0.6,4,-8.0,1,0.04,0.3,0.08,0.12,0.48,115.0,4,indie
3988893091,Indie,RBN Zayro Vale,Curbed Rims,100.0,60000,False,0.55,0.6,4,-8.0,1,0.04,0.3,0.08,0.12,0.48,115.0,4,indie
3997401101,Indie,Scotty Keller,Indie,100.0,193000,False,0.55,0.6,4,-8.0,1,0.04,0.3,0.08,0.12,0.48,115.0,4,indie
508672552,The Sun Is Shining Down,Jj Grey & Mofro,Indie Folk,322.836,553000,False,0.55,0.6,4,-8.0,1,0.04,0.3,0.08,0.12,0.48,115.0,4,indie
2274695597,Obra Prima,Indie Space,Obra Prima,245.631,131000,False,0.55,0.6,4,-8.0,1,0.04,0.3,0.08,0.12,0.48,115.0,4,indie
2947346,Glamorous Indie Rock & Roll,The Killers,Hot Fuss,480.956,255000,False,0.55,0.6,4,-8.0,1,0.04,0.3,0.08,0.12,0.48,115.0,4,indie
371629221,Cold Little Heart (Radio Edit),Michael Kiwanuka,Indie Spotlight,620.312,210000,False,0.55,0.6,4,-8.0,1,0.04,0.3,0.08,0.12,0.48,115.0,4,indie
485380992,Indie,Florian Favre Trio,Ur,93.02,202000,False,0.55,0.6,4,-8.0,1,0.04,0.3,0.08,0.12,0.48,115.0,4,indie
2895090701,Prisoner,Raphael Lake,Indie Soul 2,543.64,205000,False,0.55,0.6,4,-8.0,1,0.04,0.3,0.08,0.12,0.48,115.0,4,indie
3871469171,Let Go,Ark Patrol,Indie Dance & House (LVL1),672.934,248000,False,0.55,0.6,4,-8.0,1,0.04,0.3,0.08,0.12,0.48,115.0,4,indie
3268733871,Indie,Jazz Lofi Melody,Everybody,73.189,107000,False,0.55,0.6,4,-8.0,1,0.04,0.3,0.08,0.12,0.48,115.0,4,indie
1107076512,We Are The People,Empire Of The Sun,Indie Hits,475.762,267000,False,0.55,0.6,4,-8.0,1,0.04,0.3,0.08,0.12,0.48,115.0,4,indie
3648340672,HOW FAR WE CAME,Meek Mill,Indie Pack (Vol. 01),416.298,153000,True,0.55,0.6,4,-8.0,1,0.04,0.3,0.08,0.12,0.48,115.0,4,indie
1929772957,Greens and Blues,Pixies,Indie Cindy,316.742,226000,False,0.55,0.6,4,-8.0,1,0.04,0.3,0.08,0.12,0.48,115.0,4,indie
1929772977,Bagboy,Pixies,Indie Cindy,320.562,292000,False,0.55,0.6,4,-8.0,1,0.04,0.3,0.08,0.12,0.48,115.0,4,indie
832475562,Been Here Before,101 Dark Orchid Music,Indie Love Songs,349.907,210000,False,0.55,0.6,4,-8.0,1,0.04,0.3,0.08,0.12,0.48,115.0,4,indie
1121924552,Young Folks,Peter Bjorn And John,Indie Para Carretera,394.735,279000,False,0.55,0.6,4,-8.0,1,0.04,0.3,0.08,0.12,0.48,115.0,4,indie
362302331,Who Do You Love,Marc Lane,Indie Uplift 2,374.761,201000,False,0.55,0.6,4,-8.0,1,0.04,0.3,0.08,0.12,0.48,115.0,4,indie
3567916831,You,Alex Condliffe,Indie Ballads,326.165,198000,False,0.55,0.6,4,-8.0,1,0.04,0.3,0.08,0.12,0.48,115.0,4,indie
1850880087,Deixa pra lá,Herr Kaschke,Indie Arena Booth (Original Soundtrack 2022),413.48,149000,False,0.55,0.6,4,-8.0,1,0.04,0.3,0.08,0.12,0.48,115.0,4,indie
3842360051,Last night i Paris,Atusji,Indie,70.693,221000,False,0.55,0.6,4,-8.0,1,0.04,0.3,0.08,0.12,0.48,115.0,4,indie
3159711221,Indie,Moonmoon,Long Poem,74.695,206000,False,0.55,0.6,4,-8.0,1,0.04,0.3,0.08,0.12,0.48,115.0,4,indie
3842360041,Det spiller nu,Atusji,Indie,70.497,211000,False,0.55,0.6,4,-8.0,1,0.04,0.3,0.08,0.12,0.48,115.0,4,indie
3842360031,Havet lyder som biler,Atusji,Indie,70.916,158000,False,0.55,0.6,4,-8.0,1,0.04,0.3,0.08,0.12,0.48,115.0,4,indie
3842360081,TAXA,Atusji,Indie,55.555,252000,False,0.55,0.6,4,-8.0,1,0.04,0.3,0.08,0.12,0.48,115.0,4,indie
3842360071,Svanens Død,Atusji,Indie,55.377,228000,False,0.55,0.6,4,-8.0,1,0.04,0.3,0.08,0.12,0.48,115.0,4,indie
1234608152,mattress,Indie,twenty,8.971,166000,False,0.55,0.6,4,-8.0,1,0.04,0.3,0.08,0.12,0.48,115.0,4,indie
3842360061,Er det hævn?,Atusji,Indie,55.183,236000,False,0.55,0.6,4,-8.0,1,0.04,0.3,0.08,0.12,0.48,115.0,4,indie
2762797911,Indie,Nicklabed,Indie,40.337,171000,True,0.55,0.6,4,-8.0,1,0.04,0.3,0.08,0.12,0.48,115.0,4,indie
1532392542,Indie,Slooow,Indie,18.109,215000,False,0.55,0.6,4,-8.0,1,0.04,0.3,0.08,0.12,0.48,115.0,4,indie
2812665002,Indie,Acumen,Indie,34.016,480000,False,0.55,0.6,4,-8.0,1,0.04,0.3,0.08,0.12,0.48,115.0,4,indie
3842360091,60 år tilbage,Atusji,Indie,78.539,206000,False,0.55,0.6,4,-8.0,1,0.04,0.3,0.08,0.12,0.48,115.0,4,indie
2758150801,june,Indie,june,8.949,169000,True,0.55,0.6,4,-8.0,1,0.04,0.3,0.08,0.12,0.48,115.0,4,indie
3842360101,Hørt det fra en ven,Atusji,Indie,88.506,249000,False,0.55,0.6,4,-8.0,1,0.04,0.3,0.08,0.12,0.48,115.0,4,indie
542527962,Indie,Tami,Indie,22.59,229000,True,0.55,0.6,4,-8.0,1,0.04,0.3,0.08,0.12,0.48,115.0,4,indie
1037645772,Mère,Indie,Mère des mères,2.004,65000,False,0.55,0.6,4,-8.0,1,0.04,0.3,0.08,0.12,0.48,115.0,4,indie
2410753215,Indie,iPunkz,Indie,25.494,173000,False,0.55,0.6,4,-8.0,1,0.04,0.3,0.08,0.12,0.48,115.0,4,indie
2840622962,Indie,Tatsuya Kiya,Indie,1.896,207000,False,0.55,0.6,4,-8.0,1,0.04,0.3,0.08,0.12,0.48,115.0,4,indie
1234608132,lady friend,Indie,twenty,24.998,201000,False,0.55,0.6,4,-8.0,1,0.04,0.3,0.08,0.12,0.48,115.0,4,indie
1121595002,La bohémienne,Indie,La bohèmienne,21.777,158000,False,0.55,0.6,4,-8.0,1,0.04,0.3,0.08,0.12,0.48,115.0,4,indie
897662392,Indie,A&A,A&A Best Works,12.584,219000,False,0.55,0.6,4,-8.0,1,0.04,0.3,0.08,0.12,0.48,115.0,4,indie
3842360111,Til en perifer vens bryllup,Atusji,Indie,78.538,162000,False,0.55,0.6,4,-8.0,1,0.04,0.3,0.08,0.12,0.48,115.0,4,indie
3241959701,Indie,The Acoustic,Indie,25.498,218000,False,0.55,0.6,4,-8.0,1,0.04,0.3,0.08,0.12,0.48,115.0,4,indie
1234608172,gumdrop,Indie,twenty,25.077,179000,False,0.55,0.6,4,-8.0,1,0.04,0.3,0.08,0.12,0.48,115.0,4,indie
1573996202,Put'Em Up,Indie,Album,9.999,193000,False,0.55,0.6,4,-8.0,1,0.04,0.3,0.08,0.12,0.48,115.0,4,indie
782108672,The Inevitable Downfall,Indie,Death of the Mc...,13.277,183000,True,0.55,0.6,4,-8.0,1,0.04,0.3,0.08,0.12,0.48,115.0,4,indie
2762025151,INDIE,Wohnout,Unplugged,15.838,285000,False,0.55,0.6,4,-8.0,1,0.04,0.3,0.08,0.12,0.48,115.0,4,indie
3714863032,indie,Feathers,analog,18.236,184000,False,0.55,0.6,4,-8.0,1,0.04,0.3,0.08,0.12,0.48,115.0,4,indie
233336,Indie,Delicatessen,Moment d'absence…,26.479,270000,False,0.55,0.6,4,-8.0,1,0.04,0.3,0.08,0.12,0.48,115.0,4,indie
2649567492,Indie,Alex Taff,Mutant,13.439,193000,False,0.55,0.6,4,-8.0,1,0.04,0.3,0.08,0.12,0.48,115.0,4,indie
3691482392,Indie,Infinite Guest,Knock Knock,6.986,175000,False,0.55,0.6,4,-8.0,1,0.04,0.3,0.08,0.12,0.48,115.0,4,indie
70200211,Indie,Mike Phirman,The Very Last Songs I Will Ever Record (Part 1),10.162,101000,False,0.55,0.6,4,-8.0,1,0.04,0.3,0.08,0.12,0.48,115.0,4,indie
2758988351,Indie (acoustique),New Ending,Onyx,3.425,373000,True,0.55,0.6,4,-8.0,1,0.04,0.3,0.08,0.12,0.48,115.0,4,indie
3759416262,ELLE V1 (feat. kami) (Indie Version),Eliah,ELLE V1 (feat. kami) [Indie Version],462.548,120000,False,0.55,0.6,4,-8.0,1,0.04,0.3,0.08,0.12,0.48,115.0,4,indie
2792564742,Indie (Original Mix),Alfred Heinrichs,Analog,1.624,385000,False,0.55,0.6,4,-8.0,1,0.04,0.3,0.08,0.12,0.48,115.0,4,indie
1121595012,L'équipe,Indie,L'équipe,3.074,187000,False,0.55,0.6,4,-8.0,1,0.04,0.3,0.08,0.12,0.48,115.0,4,indie
1820207207,DRY SPELL,indie.,"Demonstration of Force, Vol. 1",100.0,61000,True,0.55,0.6,4,-8.0,1,0.04,0.3,0.08,0.12,0.48,115.0,4,indie
3877859571,No Limits,Indie,No Limits,10.217,177000,True,0.55,0.6,4,-8.0,1,0.04,0.3,0.08,0.12,0.48,115.0,4,indie
782108752,Interlude (Technical Difficulties),Indie,Death of the Mc...,15.042,36000,False,0.55,0.6,4,-8.0,1,0.04,0.3,0.08,0.12,0.48,115.0,4,indie
1573996302,I got the blues,Indie,Album,100.0,185000,False,0.55,0.6,4,-8.0,1,0.04,0.3,0.08,0.12,0.48,115.0,4,indie
1281972722,RED ZONES,indie.,SELECTAVISION Vol. 2 Beats,100.0,218000,False,0.55,0.6,4,-8.0,1,0.04,0.3,0.08,0.12,0.48,115.0,4,indie
3880545121,Warrior,Indie,Warrior,100.0,178000,True,0.55,0.6,4,-8.0,1,0.04,0.3,0.08,0.12,0.48,115.0,4,indie
359214971,Put'em Up (Album Edit),Indie,Put'em Up (Album Edit),0.001,204000,False,0.55,0.6,4,-8.0,1,0.04,0.3,0.08,0.12,0.48,115.0,4,indie
3945978021,FURUSATO,Indie,FURUSATO,100.0,205000,True,0.55,0.6,4,-8.0,1,0.04,0.3,0.08,0.12,0.48,115.0,4,indie
1820207227,THE JUMP DOWN,indie.,"Demonstration of Force, Vol. 1",100.0,140000,True,0.55,0.6,4,-8.0,1,0.04,0.3,0.08,0.12,0.48,115.0,4,indie
3894803401,"wait, we broke up?",Indie,"wait, we broke up?",100.0,294000,True,0.55,0.6,4,-8.0,1,0.04,0.3,0.08,0.12,0.48,115.0,4,indie
1281972692,WISDOM,indie.,SELECTAVISION Vol. 2 Beats,100.0,158000,False,0.55,0.6,4,-8.0,1,0.04,0.3,0.08,0.12,0.48,115.0,4,indie
359214961,Put'em Up (Club Edit),Indie,Put'em Up (Club Edit),0.003,184000,False,0.55,0.6,4,-8.0,1,0.04,0.3,0.08,0.12,0.48,115.0,4,indie
3891940561,Under Pressure,Indie,Under Pressure,100.0,156000,True,0.55,0.6,4,-8.0,1,0.04,0.3,0.08,0.12,0.48,115.0,4,indie
782108702,I Jumped to Fall for You,Indie,Death of the Mc...,100.0,115000,False,0.55,0.6,4,-8.0,1,0.04,0.3,0.08,0.12,0.48,115.0,4,indie
782108742,She Loves Me,Indie,Death of the Mc...,100.0,175000,True,0.55,0.6,4,-8.0,1,0.04,0.3,0.08,0.12,0.48,115.0,4,indie
1573996212,Undercover Love,Indie,Album,100.0,191000,False,0.55,0.6,4,-8.0,1,0.04,0.3,0.08,0.12,0.48,115.0,4,indie
1573996252,She,Indie,Album,2.223,159000,False,0.55,0.6,4,-8.0,1,0.04,0.3,0.08,0.12,0.48,115.0,4,indie
782108662,Interlude (The Craziest Damn Conspiracy Show),Indie,Death of the Mc...,9.117,23000,False,0.55,0.6,4,-8.0,1,0.04,0.3,0.08,0.12,0.48,115.0,4,indie
3877841361,"Pavazha Malli (From ""Think Indie"")",Sai Abhyankkar,"Pavazha Malli (From ""Think Indie"")",442.713,252000,False,0.55,0.6,4,-8.0,1,0.04,0.3,0.08,0.12,0.48,115.0,4,indie
61116572,My Sinking Ship,Indie,In the End We All Die,22.401,163000,False,0.55,0.6,4,-8.0,1,0.04,0.3,0.08,0.12,0.48,115.0,4,indie
1573996272,Lost,Indie,Album,100.0,221000,False,0.55,0.6,4,-8.0,1,0.04,0.3,0.08,0.12,0.48,115.0,4,indie
1820207257,MAGIC JOB,indie.,"Demonstration of Force, Vol. 1",100.0,214000,True,0.55,0.6,4,-8.0,1,0.04,0.3,0.08,0.12,0.48,115.0,4,indie
3635490972,Ex,Indie,Ex,100.0,237000,True,0.55,0.6,4,-8.0,1,0.04,0.3,0.08,0.12,0.48,115.0,4,indie
2268085207,Magellano nr 25,Le Indie,Sapore di tè,8.271,222000,False,0.55,0.6,4,-8.0,1,0.04,0.3,0.08,0.12,0.48,115.0,4,indie
1281972712,CLAP WHEN NO ONE IS LOOKING,indie.,SELECTAVISION Vol. 2 Beats,100.0,185000,False,0.55,0.6,4,-8.0,1,0.04,0.3,0.08,0.12,0.48,115.0,4,indie
1428152662,Hot Shiiii,Indie,Hot Shiiii,22.102,133000,True,0.55,0.6,4,-8.0,1,0.04,0.3,0.08,0.12,0.48,115.0,4,indie
1573996262,Darkness,Indie,Album,100.0,192000,False,0.55,0.6,4,-8.0,1,0.04,0.3,0.08,0.12,0.48,115.0,4,indie
1820207267,OUTRO,indie.,"Demonstration of Force, Vol. 1",100.0,258000,True,0.55,0.6,4,-8.0,1,0.04,0.3,0.08,0.12,0.48,115.0,4,indie
359214951,Changes (Radio Edit),Indie,Changes (Radio Edit),26.146,200000,False,0.55,0.6,4,-8.0,1,0.04,0.3,0.08,0.12,0.48,115.0,4,indie
782108732,Mechanical Man,Indie,Death of the Mc...,100.0,177000,True,0.55,0.6,4,-8.0,1,0.04,0.3,0.08,0.12,0.48,115.0,4,indie
1573996282,Lonely endless road,Indie,Album,100.0,261000,False,0.55,0.6,4,-8.0,1,0.04,0.3,0.08,0.12,0.48,115.0,4,indie
3236226801,Dance Some More,Indie,Dance Some More,100.0,146000,True,0.55,0.6,4,-8.0,1,0.04,0.3,0.08,0.12,0.48,115.0,4,indie
3829437401,They Callin,Indie,They Callin,100.0,205000,True,0.55,0.6,4,-8.0,1,0.04,0.3,0.08,0.12,0.48,115.0,4,indie
847361412,Paméla,Indie,"Les morceaux de la chambre, Vol. 3",100.0,323000,False,0.55,0.6,4,-8.0,1,0.04,0.3,0.08,0.12,0.48,115.0,4,indie
847361432,Eau de vie,Indie,"Les morceaux de la chambre, Vol. 3",0.062,254000,False,0.55,0.6,4,-8.0,1,0.04,0.3,0.08,0.12,0.48,115.0,4,indie
1281972702,CHANEL COATRAX,indie.,SELECTAVISION Vol. 2 Beats,100.0,147000,False,0.55,0.6,4,-8.0,1,0.04,0.3,0.08,0.12,0.48,115.0,4,indie
1573996242,Light,Indie,Album,100.0,297000,False,0.55,0.6,4,-8.0,1,0.04,0.3,0.08,0.12,0.48,115.0,4,indie
1820207297,Voyagers,indie.,"Demonstration of Force, Vol. 1",100.0,136000,False,0.55,0.6,4,-8.0,1,0.04,0.3,0.08,0.12,0.48,115.0,4,indie
782108722,Interlude (Shut You Down),Indie,Death of the Mc...,100.0,35000,False,0.55,0.6,4,-8.0,1,0.04,0.3,0.08,0.12,0.48,115.0,4,indie
1281972742,FUNGI,indie.,SELECTAVISION Vol. 2 Beats,100.0,142000,False,0.55,0.6,4,-8.0,1,0.04,0.3,0.08,0.12,0.48,115.0,4,indie
1573996292,Immensity,Indie,Album,0.268,298000,False,0.55,0.6,4,-8.0,1,0.04,0.3,0.08,0.12,0.48,115.0,4,indie
1820207247,AMONG THE DEAD,indie.,"Demonstration of Force, Vol. 1",100.0,156000,True,0.55,0.6,4,-8.0,1,0.04,0.3,0.08,0.12,0.48,115.0,4,indie
782108692,Interlude (D'ose H'aliens),Indie,Death of the Mc...,100.0,68000,True,0.55,0.6,4,-8.0,1,0.04,0.3,0.08,0.12,0.48,115.0,4,indie
1281972682,DESERT LEVEL,indie.,SELECTAVISION Vol. 2 Beats,100.0,186000,False,0.55,0.6,4,-8.0,1,0.04,0.3,0.08,0.12,0.48,115.0,4,indie
1820207217,93 COROLLA,indie.,"Demonstration of Force, Vol. 1",100.0,159000,True,0.55,0.6,4,-8.0,1,0.04,0.3,0.08,0.12,0.48,115.0,4,indie
2322297935,its ok my friend,Indie,its ok my friend,100.0,168000,True,0.55,0.6,4,-8.0,1,0.04,0.3,0.08,0.12,0.48,115.0,4,indie
782108682,The Bystander Effect,Indie,Death of the Mc...,21.823,176000,True,0.55,0.6,4,-8.0,1,0.04,0.3,0.08,0.12,0.48,115.0,4,indie
2268085237,Giulia,Le Indie,Sapore di tè,100.0,193000,False,0.55,0.6,4,-8.0,1,0.04,0.3,0.08,0.12,0.48,115.0,4,indie
1281972732,DELICACY,indie.,SELECTAVISION Vol. 2 Beats,100.0,123000,False,0.55,0.6,4,-8.0,1,0.04,0.3,0.08,0.12,0.48,115.0,4,indie
1281972752,SLEEP SPELL,indie.,SELECTAVISION Vol. 2 Beats,100.0,102000,False,0.55,0.6,4,-8.0,1,0.04,0.3,0.08,0.12,0.48,115.0,4,indie
1573996222,Blue,Indie,Album,100.0,295000,False,0.55,0.6,4,-8.0,1,0.04,0.3,0.08,0.12,0.48,115.0,4,indie
1820207237,PROMISED ONES,indie.,"Demonstration of Force, Vol. 1",100.0,150000,True,0.55,0.6,4,-8.0,1,0.04,0.3,0.08,0.12,0.48,115.0,4,indie
1820207287,RECITAL (Demo Version),indie.,"Demonstration of Force, Vol. 1",100.0,129000,True,0.55,0.6,4,-8.0,1,0.04,0.3,0.08,0.12,0.48,115.0,4,indie
782108712,Speaking in Reverse,Indie,Death of the Mc...,100.0,275000,False,0.55,0.6,4,-8.0,1,0.04,0.3,0.08,0.12,0.48,115.0,4,indie
1081436062,Indie,Leopard Skin Zebras,Reefer Madness(intro) & Indie,100.0,268000,False,0.55,0.6,4,-8.0,1,0.04,0.3,0.08,0.12,0.48,115.0,4,indie
2431841455,Indie,Falquez,Indie,26.95,161000,False,0.55,0.6,4,-8.0,1,0.04,0.3,0.08,0.12,0.48,115.0,4,indie
2535368401,Indie,Yokoy,Usa Tu Desilusión I,100.0,238000,False,0.55,0.6,4,-8.0,1,0.04,0.3,0.08,0.12,0.48,115.0,4,indie
2841643222,Indie,AlexGuz,Indie,100.0,126000,False,0.55,0.6,4,-8.0,1,0.04,0.3,0.08,0.12,0.48,115.0,4,indie
2904563711,Indie,Kiree 3600,Box Em,100.0,128000,True,0.55,0.6,4,-8.0,1,0.04,0.3,0.08,0.12,0.48,115.0,4,indie
3920904011,Indie,Chilipeiper,Universal,100.0,344000,False,0.55,0.6,4,-8.0,1,0.04,0.3,0.08,0.12,0.48,115.0,4,indie
518086932,Indie,woopheadclrms,vs. o.t.O.g.I,0.0,136000,False,0.55,0.6,4,-8.0,1,0.04,0.3,0.08,0.12,0.48,115.0,4,indie
6875155,Indie,Cockpit Music,This Doesn't Look Like Our Town,0.0,44000,False,0.55,0.6,4,-8.0,1,0.04,0.3,0.08,0.12,0.48,115.0,4,indie
3827988251,Harapan Jadi Luka,Febian,Febian & Indie - Harapan Jadi Luka,100.0,286000,False,0.55,0.6,4,-8.0,1,0.04,0.3,0.08,0.12,0.48,115.0,4,indie
3371719071,Relax,The Indie,The Lost Tails Of Erik,100.0,276000,False,0.55,0.6,4,-8.0,1,0.04,0.3,0.08,0.12,0.48,115.0,4,indie
3608020382,January 7,Indie Rose,Sleep Music For Capricorns,250.996,84000,False,0.55,0.6,4,-8.0,1,0.04,0.3,0.08,0.12,0.48,115.0,4,indie
860516192,Time of Aurora,Chedum,Time of Aurora,100.0,156000,False,0.55,0.6,4,-8.0,1,0.04,0.3,0.08,0.12,0.48,115.0,4,indie
3371719061,Out Of Time,The Indie,The Lost Tails Of Erik,100.0,197000,False,0.55,0.6,4,-8.0,1,0.04,0.3,0.08,0.12,0.48,115.0,4,indie
3455335961,Aurora,The Indie,See You Soon EP,100.0,78000,False,0.55,0.6,4,-8.0,1,0.04,0.3,0.08,0.12,0.48,115.0,4,indie
3066864241,SEE U CRY,Indie Anthony,SEE U CRY,91.928,139000,False,0.55,0.6,4,-8.0,1,0.04,0.3,0.08,0.12,0.48,115.0,4,indie
3371719131,Asleep,The Indie,The Lost Tails Of Erik,100.0,135000,False,0.55,0.6,4,-8.0,1,0.04,0.3,0.08,0.12,0.48,115.0,4,indie
12172457,Indie,Bryn Roberts,Ludlow,4.289,347000,False,0.55,0.6,4,-8.0,1,0.04,0.3,0.08,0.12,0.48,115.0,4,indie
2318134105,Indie,Jackson Frost,Colours,100.0,181000,False,0.55,0.6,4,-8.0,1,0.04,0.3,0.08,0.12,0.48,115.0,4,indie
2688508352,INDIE,Popo J,INDIE,23.219,137000,True,0.55,0.6,4,-8.0,1,0.04,0.3,0.08,0.12,0.48,115.0,4,indie
2730870061,Indie,Aglagan,Indie,100.0,131000,False,0.55,0.6,4,-8.0,1,0.04,0.3,0.08,0.12,0.48,115.0,4,indie
3017303581,Indie,Leona Zoé,for the sake of my heart <3,100.0,250000,False,0.55,0.6,4,-8.0,1,0.04,0.3,0.08,0.12,0.48,115.0,4,indie
3401543761,Indie,Miek,progressisonlyprogresswhendocumented.,100.0,307000,False,0.55,0.6,4,-8.0,1,0.04,0.3,0.08,0.12,0.48,115.0,4,indie
3854522831,Indie,T$C,Mr Drummer,100.0,132000,False,0.55,0.6,4,-8.0,1,0.04,0.3,0.08,0.12,0.48,115.0,4,indie
64993347,Indie,Digital Primate,Keep Calm and Carry On,0.0,196000,False,0.55,0.6,4,-8.0,1,0.04,0.3,0.08,0.12,0.48,115.0,4,indie
717739672,Hip Hop,Southwest,Stronger Than Ever,15.842,214000,False,0.55,0.6,4,-8.0,1,0.04,0.3,0.08,0.12,0.48,115.0,4,indie
1162552472,Indie,Paco Leiva,Indie / Sol Oriental,100.0,237000,False,0.55,0.6,4,-8.0,1,0.04,0.3,0.08,0.12,0.48,115.0,4,indie
1427366662,Indie,Nuratro,Festival Campside Hits,8.794,125000,False,0.55,0.6,4,-8.0,1,0.04,0.3,0.08,0.12,0.48,115.0,4,indie
2162506467,Indie,9D Beats,Indie,100.0,242000,False,0.55,0.6,4,-8.0,1,0.04,0.3,0.08,0.12,0.48,115.0,4,indie
2554275162,Indie,F-Plus,Indie,100.0,80000,False,0.55,0.6,4,-8.0,1,0.04,0.3,0.08,0.12,0.48,115.0,4,indie
2582506122,INDIE,Man O War,INDIE,15.455,551000,False,0.55,0.6,4,-8.0,1,0.04,0.3,0.08,0.12,0.48,115.0,4,indie
2706227192,Indie,Elephant Green,Indie,7.842,132000,False,0.55,0.6,4,-8.0,1,0.04,0.3,0.08,0.12,0.48,115.0,4,indie
2856510002,INDIE,Skeem Sa 2015,KOPO,100.0,187000,False,0.55,0.6,4,-8.0,1,0.04,0.3,0.08,0.12,0.48,115.0,4,indie
2933404681,Indie,SonicPulse,Indie,100.0,105000,False,0.55,0.6,4,-8.0,1,0.04,0.3,0.08,0.12,0.48,115.0,4,indie
3571837211,indie,nimiratio,blueprint,100.0,109000,False,0.55,0.6,4,-8.0,1,0.04,0.3,0.08,0.12,0.48,115.0,4,indie
3588014731,Indie,Western Cruz,DAMN Y.C. 5,100.0,103000,False,0.55,0.6,4,-8.0,1,0.04,0.3,0.08,0.12,0.48,115.0,4,indie
3818169381,INDIE,3WNO,INDIE,100.0,89000,True,0.55,0.6,4,-8.0,1,0.04,0.3,0.08,0.12,0.48,115.0,4,indie
382023151,Indie,Maicol B,Indie,0.0,448000,False,0.55,0.6,4,-8.0,1,0.04,0.3,0.08,0.12,0.48,115.0,4,indie
3901197511,Indie,Beewee.,Výhled,100.0,160000,False,0.55,0.6,4,-8.0,1,0.04,0.3,0.08,0.12,0.48,115.0,4,indie
454475132,Indie,Bashton,Dirt,24.863,300000,True,0.55,0.6,4,-8.0,1,0.04,0.3,0.08,0.12,0.48,115.0,4,indie
69310740,Indie,Your Pal,This is My Pop,0.0,164000,False,0.55,0.6,4,-8.0,1,0.04,0.3,0.08,0.12,0.48,115.0,4,indie
9264812,Indie,J,Little Folk Music,0.04,110000,False,0.55,0.6,4,-8.0,1,0.04,0.3,0.08,0.12,0.48,115.0,4,indie
9364617,Indie,Joseph Becker,Just Me,0.0,235000,False,0.55,0.6,4,-8.0,1,0.04,0.3,0.08,0.12,0.48,115.0,4,indie
998682322,Indië,Arend Brandligt,Louis Couperus In Transit,21.979,55000,False,0.55,0.6,4,-8.0,1,0.04,0.3,0.08,0.12,0.48,115.0,4,indie
144506072,Indie,Up & Pg,40 Masters of Techno & Minimal,32.138,402000,False,0.55,0.6,4,-8.0,1,0.04,0.3,0.08,0.12,0.48,115.0,4,indie
1885471677,Indie,Greenspan,Never Gon Die,15.409,173000,True,0.55,0.6,4,-8.0,1,0.04,0.3,0.08,0.12,0.48,115.0,4,indie
2224068167,Indie,Payze,Indie,100.0,148000,False,0.55,0.6,4,-8.0,1,0.04,0.3,0.08,0.12,0.48,115.0,4,indie
2412138305,Indie,Weekday Assemble,旅先で楽しむジャズBGM,100.0,132000,False,0.55,0.6,4,-8.0,1,0.04,0.3,0.08,0.12,0.48,115.0,4,indie
3446962711,indie,TheBlank,Drinks Wine & Chill,100.0,109000,False,0.55,0.6,4,-8.0,1,0.04,0.3,0.08,0.12,0.48,115.0,4,indie
4394364,Indie,Glamers,Club Cafe,0.0,259000,False,0.55,0.6,4,-8.0,1,0.04,0.3,0.08,0.12,0.48,115.0,4,indie
928422772,Indie,Wurabo,Indie,24.85,224000,False,0.55,0.6,4,-8.0,1,0.04,0.3,0.08,0.12,0.48,115.0,4,indie
565656032,Let's Dance (2018 Remaster),David Bowie,Loving the Alien (1983 - 1988),789.93,249000,False,0.82,0.85,5,-5.0,1,0.06,0.05,0.2,0.1,0.65,128.0,4,dance
10284847,D.A.N.C.E (Radio Edit),Justice,D.A.N.C.E,740.476,211000,False,0.82,0.85,5,-5.0,1,0.06,0.05,0.2,0.1,0.65,128.0,4,dance
3916724001,DANCE...,Slayyyter,WOR$T GIRL IN AMERICA,684.643,287000,True,0.82,0.85,5,-5.0,1,0.06,0.05,0.2,0.1,0.65,128.0,4,dance
10284909,D.A.N.C.E.,Justice,Justice,648.361,242000,False,0.82,0.85,5,-5.0,1,0.06,0.05,0.2,0.1,0.65,128.0,4,dance
3769849222,DANCE... (Edit),Slayyyter,DANCE... (Edit),561.577,236000,True,0.82,0.85,5,-5.0,1,0.06,0.05,0.2,0.1,0.65,128.0,4,dance
3629516962,Dance,ARTBAT,Dance,502.125,179000,True,0.82,0.85,5,-5.0,1,0.06,0.05,0.2,0.1,0.65,128.0,4,dance
750121542,The Dance,Lambert,True,481.096,166000,False,0.82,0.85,5,-5.0,1,0.06,0.05,0.2,0.1,0.65,128.0,4,dance
2265331817,DANCE,Thirst,DANCE,391.037,115000,False,0.82,0.85,5,-5.0,1,0.06,0.05,0.2,0.1,0.65,128.0,4,dance
775724372,Dance Monkey (Stripped Back),Tones And I,Dance Monkey (Stripped Back),741.703,171000,False,0.82,0.85,5,-5.0,1,0.06,0.05,0.2,0.1,0.65,128.0,4,dance
3867905161,Dance With Me,Bruno Mars,The Romantic,801.841,219000,False,0.82,0.85,5,-5.0,1,0.06,0.05,0.2,0.1,0.65,128.0,4,dance
1138246,"Dance, Dance",Fall Out Boy,From Under The Cork Tree,748.577,180000,False,0.82,0.85,5,-5.0,1,0.06,0.05,0.2,0.1,0.65,128.0,4,dance
739870792,Dance Monkey,Tones And I,The Kids Are Coming,917.911,209000,False,0.82,0.85,5,-5.0,1,0.06,0.05,0.2,0.1,0.65,128.0,4,dance
2813031,"Silver Springs (Live at Warner Brothers Studios in Burbank, CA 5/23/97)",Fleetwood Mac,The Dance,688.746,341000,False,0.82,0.85,5,-5.0,1,0.06,0.05,0.2,0.1,0.65,128.0,4,dance
505508992,Dance Macabre,Ghost,Prequelle,656.732,220000,False,0.82,0.85,5,-5.0,1,0.06,0.05,0.2,0.1,0.65,128.0,4,dance
3261725951,Dance In The Sunlight,Lost Frequencies,Dance In The Sunlight,731.517,167000,False,0.82,0.85,5,-5.0,1,0.06,0.05,0.2,0.1,0.65,128.0,4,dance
3881984731,Dance No More,Harry Styles,"Kiss All The Time. Disco, Occasionally.",804.728,195000,False,0.82,0.85,5,-5.0,1,0.06,0.05,0.2,0.1,0.65,128.0,4,dance
2525488961,Dance With Me,Liam Bailey,Zero Grace,580.272,229000,False,0.82,0.85,5,-5.0,1,0.06,0.05,0.2,0.1,0.65,128.0,4,dance
2373296475,Dance The Night,Dua Lipa,Barbie The Album,654.862,176000,False,0.82,0.85,5,-5.0,1,0.06,0.05,0.2,0.1,0.65,128.0,4,dance
5936379,Dance Yrself Clean,LCD Soundsystem,This Is Happening,611.339,536000,False,0.82,0.85,5,-5.0,1,0.06,0.05,0.2,0.1,0.65,128.0,4,dance
62961051,Dance Tonight,Lucy Pearl,Lucy Pearl,492.74,221000,False,0.82,0.85,5,-5.0,1,0.06,0.05,0.2,0.1,0.65,128.0,4,dance
42187471,Dance Again,Jennifer Lopez,Dance Again...The Hits,660.708,237000,False,0.82,0.85,5,-5.0,1,0.06,0.05,0.2,0.1,0.65,128.0,4,dance
546233532,Dance To This,Troye Sivan,Bloom,580.215,231000,False,0.82,0.85,5,-5.0,1,0.06,0.05,0.2,0.1,0.65,128.0,4,dance
1993227347,Dance Now,JID,The Forever Story (Extended Version),517.432,227000,True,0.82,0.85,5,-5.0,1,0.06,0.05,0.2,0.1,0.65,128.0,4,dance
2174443887,Dance (Our Own Party),The Busker,Dance (Our Own Party),262.402,169000,False,0.82,0.85,5,-5.0,1,0.06,0.05,0.2,0.1,0.65,128.0,4,dance
1372481622,Calabria (feat. Lunis & Lujavo),Dance Fruits Music,Calabria (feat. Lunis & Lujavo),762.643,128000,False,0.82,0.85,5,-5.0,1,0.06,0.05,0.2,0.1,0.65,128.0,4,dance
3559923391,Dance On,Cassius,Dance On,471.17,188000,False,0.82,0.85,5,-5.0,1,0.06,0.05,0.2,0.1,0.65,128.0,4,dance
3429342091,D.A.N.C.E (From F1® The Movie),Peggy Gou,D.A.N.C.E (From F1® The Movie),314.028,195000,False,0.82,0.85,5,-5.0,1,0.06,0.05,0.2,0.1,0.65,128.0,4,dance
3750836862,We Own the Night,Dance Gavin Dance,Instant Gratification,418.836,205000,False,0.82,0.85,5,-5.0,1,0.06,0.05,0.2,0.1,0.65,128.0,4,dance
2271172807,Dance with Somebody (Radio Version),Mando Diao,Dance with Somebody,634.128,241000,False,0.82,0.85,5,-5.0,1,0.06,0.05,0.2,0.1,0.65,128.0,4,dance
4086610,"Dance, Dance, Dance (Yowsah, Yowsah, Yowsah)",Chic,"Dance, Dance, Dance: The Best of Chic",519.927,501000,False,0.82,0.85,5,-5.0,1,0.06,0.05,0.2,0.1,0.65,128.0,4,dance
2231756997,DANCE,Simone Ringer,DANCE,446.812,215000,True,0.82,0.85,5,-5.0,1,0.06,0.05,0.2,0.1,0.65,128.0,4,dance
452873032,DANCE,DNCE,DANCE,370.794,179000,False,0.82,0.85,5,-5.0,1,0.06,0.05,0.2,0.1,0.65,128.0,4,dance
604087692,Dance,Myrath,Dance,440.944,228000,False,0.82,0.85,5,-5.0,1,0.06,0.05,0.2,0.1,0.65,128.0,4,dance
3155856791,Lovelee Dae,Amine Edge & DANCE,Lovelee Dae,503.827,382000,False,0.82,0.85,5,-5.0,1,0.06,0.05,0.2,0.1,0.65,128.0,4,dance
3747161402,D.A.N.C.E,t e s t p r e s s,LIKE TO D.A.N.C.E.,404.953,174000,False,0.82,0.85,5,-5.0,1,0.06,0.05,0.2,0.1,0.65,128.0,4,dance
3443996971,DANCE,CLMD,DANCE,374.125,174000,False,0.82,0.85,5,-5.0,1,0.06,0.05,0.2,0.1,0.65,128.0,4,dance
1421089432,Mood,Dance Fruits Music,Mood,458.526,144000,True,0.82,0.85,5,-5.0,1,0.06,0.05,0.2,0.1,0.65,128.0,4,dance
2666994842,Dance,MADAM,Thanks for the Noise,378.57,208000,False,0.82,0.85,5,-5.0,1,0.06,0.05,0.2,0.1,0.65,128.0,4,dance
2121291437,Dance,ESG,Dance,374.629,274000,False,0.82,0.85,5,-5.0,1,0.06,0.05,0.2,0.1,0.65,128.0,4,dance
543489142,D.A.N.C.E. (WWW),Justice,Woman Worldwide,401.106,196000,False,0.82,0.85,5,-5.0,1,0.06,0.05,0.2,0.1,0.65,128.0,4,dance
130132909,Dance With The Devil,Breaking Benjamin,Phobia (Explicit Version),627.257,227000,False,0.82,0.85,5,-5.0,1,0.06,0.05,0.2,0.1,0.65,128.0,4,dance
3189132081,Dance!,Attack Attack,Dance!,294.258,186000,True,0.82,0.85,5,-5.0,1,0.06,0.05,0.2,0.1,0.65,128.0,4,dance
935538642,Dance,Tecno,Dance,286.679,201000,False,0.82,0.85,5,-5.0,1,0.06,0.05,0.2,0.1,0.65,128.0,4,dance
66190260,Dance for You,Beyoncé,4,563.321,375000,False,0.82,0.85,5,-5.0,1,0.06,0.05,0.2,0.1,0.65,128.0,4,dance
3931491731,Dance,dj gummy bear,The Spirit Still Remains (Purgatory),452.303,144000,False,0.82,0.85,5,-5.0,1,0.06,0.05,0.2,0.1,0.65,128.0,4,dance
3671317312,Dance,Natalie Bergman,My Home Is Not In This World,321.473,164000,False,0.82,0.85,5,-5.0,1,0.06,0.05,0.2,0.1,0.65,128.0,4,dance
3424308211,DANCE!,1nonly,DANCE!,366.788,163000,True,0.82,0.85,5,-5.0,1,0.06,0.05,0.2,0.1,0.65,128.0,4,dance
3157818661,FUKINASTY,Amine Edge & DANCE,"FUKINASTY (feat. DJ Rush) / Look, Alright",348.031,178000,False,0.82,0.85,5,-5.0,1,0.06,0.05,0.2,0.1,0.65,128.0,4,dance
1356993162,Dance (Hills Mix),Os Digitalistas,Dance (Hills Mix),347.576,179000,False,0.82,0.85,5,-5.0,1,0.06,0.05,0.2,0.1,0.65,128.0,4,dance
2546997752,Dance,Miach,Insomnia,330.767,184000,False,0.82,0.85,5,-5.0,1,0.06,0.05,0.2,0.1,0.65,128.0,4,dance
2537910,Dance (While The Music Still Goes On),ABBA,Waterloo,429.917,194000,False,0.82,0.85,5,-5.0,1,0.06,0.05,0.2,0.1,0.65,128.0,4,dance
893850622,Dance (Live),Planetshakers,Endless Praise (Live),315.724,232000,False,0.82,0.85,5,-5.0,1,0.06,0.05,0.2,0.1,0.65,128.0,4,dance
3762766002,Dance (I Wanna),Beat Conductors,Dance (I Wanna),327.411,229000,True,0.82,0.85,5,-5.0,1,0.06,0.05,0.2,0.1,0.65,128.0,4,dance
1118050472,Dance (‘Til You Love Someone Else),Sam Smith,Love Goes,343.294,225000,False,0.82,0.85,5,-5.0,1,0.06,0.05,0.2,0.1,0.65,128.0,4,dance
2067210027,Dance! (Radio Edit),Lumidee,Unexpected,348.328,219000,False,0.82,0.85,5,-5.0,1,0.06,0.05,0.2,0.1,0.65,128.0,4,dance
2021370437,D.A.N.C.E. (Logic Reprise),Justice,D.A.N.C.E. (Logic Reprise),347.258,196000,False,0.82,0.85,5,-5.0,1,0.06,0.05,0.2,0.1,0.65,128.0,4,dance
891604,Dance (Disco Heat),Sylvester,The Original Hits,299.619,352000,False,0.82,0.85,5,-5.0,1,0.06,0.05,0.2,0.1,0.65,128.0,4,dance
1248335462,Dance!,平田志穂子/Lotus Juice,ペルソナ4 ダンシング・オールナイト サウンドトラック -ADVANCED CD-,224.49,223000,False,0.82,0.85,5,-5.0,1,0.06,0.05,0.2,0.1,0.65,128.0,4,dance
356070761,The Dance,Garth Brooks,Favorite Country Love Songs,452.553,224000,False,0.82,0.85,5,-5.0,1,0.06,0.05,0.2,0.1,0.65,128.0,4,dance
663784832,Dance Inna Babylon,Mellow Mood,Dance Inna Babylon,555.442,216000,False,0.82,0.85,5,-5.0,1,0.06,0.05,0.2,0.1,0.65,128.0,4,dance
3524963361,Dance No Dance,DJ Neptune,Dance No Dance,420.389,136000,False,0.82,0.85,5,-5.0,1,0.06,0.05,0.2,0.1,0.65,128.0,4,dance
3164685791,FALL FROM THE SKY,RomancePlanet,DANCE,290.308,153000,False,0.82,0.85,5,-5.0,1,0.06,0.05,0.2,0.1,0.65,128.0,4,dance
91000073,Dance,Alexandra Stan,Unlocked,313.375,221000,False,0.82,0.85,5,-5.0,1,0.06,0.05,0.2,0.1,0.65,128.0,4,dance
3819037411,DANCE,Damaxy,DANCE,350.616,165000,False,0.82,0.85,5,-5.0,1,0.06,0.05,0.2,0.1,0.65,128.0,4,dance
492712872,Dance,Jaqee,Yes I Am,337.01,222000,False,0.82,0.85,5,-5.0,1,0.06,0.05,0.2,0.1,0.65,128.0,4,dance
16711117,D.A.N.C.E,Maxence Cyrin,Novö Piano,291.364,169000,False,0.82,0.85,5,-5.0,1,0.06,0.05,0.2,0.1,0.65,128.0,4,dance
854674852,Dance,Timaya,Dance,311.236,203000,False,0.82,0.85,5,-5.0,1,0.06,0.05,0.2,0.1,0.65,128.0,4,dance
2830790582,Dance Dance Dance Dance,KAYTRANADA,TIMELESS,483.549,102000,False,0.82,0.85,5,-5.0,1,0.06,0.05,0.2,0.1,0.65,128.0,4,dance
2338496845,dance!,deyluvkirby,dance!,275.115,120000,True,0.82,0.85,5,-5.0,1,0.06,0.05,0.2,0.1,0.65,128.0,4,dance
137150300,Came Around (Feat. Ikaz),Amine Edge,Porn Bass EP,246.236,409000,False,0.82,0.85,5,-5.0,1,0.06,0.05,0.2,0.1,0.65,128.0,4,dance
1891402507,Dance,Jay Safari,Dance,274.919,165000,True,0.82,0.85,5,-5.0,1,0.06,0.05,0.2,0.1,0.65,128.0,4,dance
2166719037,Dance,Fly by Midnight,Fictional Illustrations,298.581,192000,False,0.82,0.85,5,-5.0,1,0.06,0.05,0.2,0.1,0.65,128.0,4,dance
70896500,Dance,Nas,God's Son,288.796,214000,True,0.82,0.85,5,-5.0,1,0.06,0.05,0.2,0.1,0.65,128.0,4,dance
2654784012,Lost To My Senses,Amine Edge,Lost To My Senses,225.983,402000,False,0.82,0.85,5,-5.0,1,0.06,0.05,0.2,0.1,0.65,128.0,4,dance
3768997582,Uneasy Hearts Weigh The Most,Dance Gavin Dance,Dance Gavin Dance,365.895,218000,True,0.82,0.85,5,-5.0,1,0.06,0.05,0.2,0.1,0.65,128.0,4,dance
2122684567,Dance Devil Dance,Avatar,Dance Devil Dance,478.841,240000,False,0.82,0.85,5,-5.0,1,0.06,0.05,0.2,0.1,0.65,128.0,4,dance
845617,"Dance, Dance, Dance",Lykke Li,Youth Novels,488.913,221000,False,0.82,0.85,5,-5.0,1,0.06,0.05,0.2,0.1,0.65,128.0,4,dance
3953681761,Dance To This,Icona Pop,Dance To This,653.792,174000,True,0.82,0.85,5,-5.0,1,0.06,0.05,0.2,0.1,0.65,128.0,4,dance
3155799451,Good Time (Radio Edit),Amine Edge & DANCE,Good Time EP,287.572,182000,False,0.82,0.85,5,-5.0,1,0.06,0.05,0.2,0.1,0.65,128.0,4,dance
1056179602,Dance Dance Dance,Astrid S,Dance Dance Dance,379.781,159000,False,0.82,0.85,5,-5.0,1,0.06,0.05,0.2,0.1,0.65,128.0,4,dance
830776802,Dance Monkey,Yann Muller,Dance Monkey,551.596,161000,False,0.82,0.85,5,-5.0,1,0.06,0.05,0.2,0.1,0.65,128.0,4,dance
137682253,Dance,Kontrust,Explositive,260.653,201000,False,0.82,0.85,5,-5.0,1,0.06,0.05,0.2,0.1,0.65,128.0,4,dance
3266368021,DANCE,Lilyisthatyou,POP MUSIC,300.258,194000,False,0.82,0.85,5,-5.0,1,0.06,0.05,0.2,0.1,0.65,128.0,4,dance
3949582251,The Dance,Shunned at a Funeral,Moriah,375.785,270000,False,0.82,0.85,5,-5.0,1,0.06,0.05,0.2,0.1,0.65,128.0,4,dance
3614039492,DANCE,LIL PARTY KING,DANCE,139.197,158000,False,0.82,0.85,5,-5.0,1,0.06,0.05,0.2,0.1,0.65,128.0,4,dance
814454502,Dance Monkey,Dance Monkey,Dance Monkey,374.797,210000,False,0.82,0.85,5,-5.0,1,0.06,0.05,0.2,0.1,0.65,128.0,4,dance
2072535627,Dance Mode,Bluey,Dance Mode!,505.008,118000,False,0.82,0.85,5,-5.0,1,0.06,0.05,0.2,0.1,0.65,128.0,4,dance
2017810717,dance dance,Lexie Liu,The Happy Star,448.947,174000,False,0.82,0.85,5,-5.0,1,0.06,0.05,0.2,0.1,0.65,128.0,4,dance
3818370711,Dance with the Devil,Flymeon,Dance with the Devil,644.877,159000,False,0.82,0.85,5,-5.0,1,0.06,0.05,0.2,0.1,0.65,128.0,4,dance
3631602782,Dance,Avao,Dance,270.454,160000,False,0.82,0.85,5,-5.0,1,0.06,0.05,0.2,0.1,0.65,128.0,4,dance
13752419,Dance (Radio Mix),Apollo,One Decade (Deluxe Version),303.128,227000,False,0.82,0.85,5,-5.0,1,0.06,0.05,0.2,0.1,0.65,128.0,4,dance
3453190821,The Dance,Danny Elfman,Dracula (Original Motion Picture Score),263.264,128000,False,0.82,0.85,5,-5.0,1,0.06,0.05,0.2,0.1,0.65,128.0,4,dance
2080670637,Dance Dance (feat. Alessandra),Gabry Ponte,Dance Dance (feat. Alessandra),458.42,151000,False,0.82,0.85,5,-5.0,1,0.06,0.05,0.2,0.1,0.65,128.0,4,dance
3429361971,Dance,Speaker Knockerz,Finesse Father,243.039,205000,True,0.82,0.85,5,-5.0,1,0.06,0.05,0.2,0.1,0.65,128.0,4,dance
464301062,Danče,Predrag Zivkovic Tozovac,The Best Of Predrag Živković Tozovac,293.999,209000,False,0.82,0.85,5,-5.0,1,0.06,0.05,0.2,0.1,0.65,128.0,4,dance
1371977802,Dance,Mickey Avalon,Loaded,215.042,199000,True,0.82,0.85,5,-5.0,1,0.06,0.05,0.2,0.1,0.65,128.0,4,dance
3783407162,Blue Dream,Dance Gavin Dance,Downtown Battle Mountain II,378.138,280000,True,0.82,0.85,5,-5.0,1,0.06,0.05,0.2,0.1,0.65,128.0,4,dance
11186193,Dance,Danko Jones,We Sweat Blood,180.092,209000,False,0.82,0.85,5,-5.0,1,0.06,0.05,0.2,0.1,0.65,128.0,4,dance
31555941,Dance,Charlotte NicdaoSophie KarbjinskiMarny Kennedy,a gURLs wURLd - The Soundtrack,153.99,204000,False,0.82,0.85,5,-5.0,1,0.06,0.05,0.2,0.1,0.65,128.0,4,dance
3969435671,Dance (Trance),Oriundo,Dance (Trance),164.963,82000,True,0.82,0.85,5,-5.0,1,0.06,0.05,0.2,0.1,0.65,128.0,4,dance
509733952,Dance,Hawa,Dance,277.236,254000,False,0.82,0.85,5,-5.0,1,0.06,0.05,0.2,0.1,0.65,128.0,4,dance
2481278771,DANCE WITH ME,blink-182,DANCE WITH ME,549.832,188000,True,0.82,0.85,5,-5.0,1,0.06,0.05,0.2,0.1,0.65,128.0,4,dance
445827412,D.A.N.C.E. (Live / AAA),Justice,Access All Arenas,251.6,358000,False,0.82,0.85,5,-5.0,1,0.06,0.05,0.2,0.1,0.65,128.0,4,dance
2645376922,Dance Alone,Sia,Dance Alone,558.89,172000,False,0.82,0.85,5,-5.0,1,0.06,0.05,0.2,0.1,0.65,128.0,4,dance
3250970271,Dance,Foxwarren,2,235.181,157000,False,0.82,0.85,5,-5.0,1,0.06,0.05,0.2,0.1,0.65,128.0,4,dance
2562268542,Dance,Matduke,Dance,211.209,166000,False,0.82,0.85,5,-5.0,1,0.06,0.05,0.2,0.1,0.65,128.0,4,dance
4124745,Dance (pt 1) (Remastered 2009),The Rolling Stones,Emotional Rescue (2009 Re-Mastered),289.616,263000,False,0.82,0.85,5,-5.0,1,0.06,0.05,0.2,0.1,0.65,128.0,4,dance
137154694,"Dance, Dance, Dance",Mano Brown,Boogie Naipe,398.833,267000,False,0.82,0.85,5,-5.0,1,0.06,0.05,0.2,0.1,0.65,128.0,4,dance
3273455771,Dance With Me,Tom Gregory,Dance With Me,528.265,144000,False,0.82,0.85,5,-5.0,1,0.06,0.05,0.2,0.1,0.65,128.0,4,dance
2340342865,dance! (slowed down vers),deyluvkirby,dance! (slowed down vers),252.032,122000,True,0.82,0.85,5,-5.0,1,0.06,0.05,0.2,0.1,0.65,128.0,4,dance
3891208931,Dance for Jesus,Fido,Dance for Jesus,545.028,200000,False,0.82,0.85,5,-5.0,1,0.06,0.05,0.2,0.1,0.65,128.0,4,dance
6295900,Better Off Alone,Dance Anthem,90's Dance Party Hits - The Best of The 90's Dance Music,440.972,218000,False,0.82,0.85,5,-5.0,1,0.06,0.05,0.2,0.1,0.65,128.0,4,dance
135834716,The Dance,Renato Russo,O Último Solo,209.548,159000,False,0.82,0.85,5,-5.0,1,0.06,0.05,0.2,0.1,0.65,128.0,4,dance
109170434,Dance,Yiruma,Piano,280.625,245000,False,0.82,0.85,5,-5.0,1,0.06,0.05,0.2,0.1,0.65,128.0,4,dance
1059214052,Dance,Toni Braxton,Spell My Name,274.478,232000,False,0.82,0.85,5,-5.0,1,0.06,0.05,0.2,0.1,0.65,128.0,4,dance
10199975,Dance (Single Version),Saul Williams,Dance (Single Version),310.172,216000,False,0.82,0.85,5,-5.0,1,0.06,0.05,0.2,0.1,0.65,128.0,4,dance
1840883037,Dance Layan Dance,Dhafer Youssef,Dance Layan Dance,386.522,276000,False,0.82,0.85,5,-5.0,1,0.06,0.05,0.2,0.1,0.65,128.0,4,dance
3782864922,Dance (Spanish Version),Julia Stone,Dance (Spanish Version),289.407,180000,False,0.82,0.85,5,-5.0,1,0.06,0.05,0.2,0.1,0.65,128.0,4,dance
3938171981,Need Money (Tree City Sessions),Dance Gavin Dance,Tree City Sessions 3,282.151,190000,True,0.82,0.85,5,-5.0,1,0.06,0.05,0.2,0.1,0.65,128.0,4,dance
1091006062,Dance Hall Days,Wang Chung,Points On The Curve,655.607,238000,False,0.82,0.85,5,-5.0,1,0.06,0.05,0.2,0.1,0.65,128.0,4,dance
2607740662,DANCE,The Dark Horror,ANOTHER DIMENSION,185.729,244000,False,0.82,0.85,5,-5.0,1,0.06,0.05,0.2,0.1,0.65,128.0,4,dance
2656078382,Dance,Offonoff,Boy.,229.916,219000,False,0.82,0.85,5,-5.0,1,0.06,0.05,0.2,0.1,0.65,128.0,4,dance
3431662,The Dance,Dave Koz,The Dance,271.934,319000,False,0.82,0.85,5,-5.0,1,0.06,0.05,0.2,0.1,0.65,128.0,4,dance
1537174762,DANCE CRIP,Trueno,DANCE CRIP,432.035,165000,True,0.82,0.85,5,-5.0,1,0.06,0.05,0.2,0.1,0.65,128.0,4,dance
2832217082,Dance With Me,Tones And I,Dance With Me,517.668,225000,False,0.82,0.85,5,-5.0,1,0.06,0.05,0.2,0.1,0.65,128.0,4,dance
3485714051,Dance,Lofinn,PARTY MIX (2025),142.82,181000,False,0.82,0.85,5,-5.0,1,0.06,0.05,0.2,0.1,0.65,128.0,4,dance
3786377742,Dance,Ratt,Dancin' Undercover,222.789,260000,False,0.82,0.85,5,-5.0,1,0.06,0.05,0.2,0.1,0.65,128.0,4,dance
1372671102,Sweet Dreams (Are Made of This),Dance Fruits Music,Sweet Dreams (Are Made of This),517.587,122000,False,0.82,0.85,5,-5.0,1,0.06,0.05,0.2,0.1,0.65,128.0,4,dance
857798882,Dance Of The Clairvoyants,Pearl Jam,Dance Of The Clairvoyants,568.622,265000,False,0.82,0.85,5,-5.0,1,0.06,0.05,0.2,0.1,0.65,128.0,4,dance
990822932,Dance,Emma Steinbakken,Dance,211.252,189000,False,0.82,0.85,5,-5.0,1,0.06,0.05,0.2,0.1,0.65,128.0,4,dance
3958994391,La Dance,ImMullvad,La Dance,185.217,147000,False,0.82,0.85,5,-5.0,1,0.06,0.05,0.2,0.1,0.65,128.0,4,dance
3962107411,dance (I wanna),Jiggler,dance (I wanna),130.907,321000,False,0.82,0.85,5,-5.0,1,0.06,0.05,0.2,0.1,0.65,128.0,4,dance
14539390,Dance (A$$),Big Sean,Finally Famous,261.053,197000,True,0.82,0.85,5,-5.0,1,0.06,0.05,0.2,0.1,0.65,128.0,4,dance
3859232951,Dance,Xcho,Dance,180.839,135000,False,0.82,0.85,5,-5.0,1,0.06,0.05,0.2,0.1,0.65,128.0,4,dance
2248050347,Lay All Your Love On Me,MELON,Lay All Your Love On Me,545.089,204000,False,0.82,0.85,5,-5.0,1,0.06,0.05,0.2,0.1,0.65,128.0,4,dance
2631076172,Dance Around Me,Vanglowe,Dance Around Me,476.998,235000,False,0.82,0.85,5,-5.0,1,0.06,0.05,0.2,0.1,0.65,128.0,4,dance
3750836952,Death of a Strawberry,Dance Gavin Dance,Instant Gratification,366.583,251000,False,0.82,0.85,5,-5.0,1,0.06,0.05,0.2,0.1,0.65,128.0,4,dance
3750637772,Chucky vs. The Giant Tortoise,Dance Gavin Dance,Mothership,315.993,236000,True,0.82,0.85,5,-5.0,1,0.06,0.05,0.2,0.1,0.65,128.0,4,dance
2813020,"The Chain (Live at Warner Brothers Studios in Burbank, CA 5/23/97)",Fleetwood Mac,The Dance,381.103,310000,False,0.82,0.85,5,-5.0,1,0.06,0.05,0.2,0.1,0.65,128.0,4,dance
1421056852,SexyBack,Dance Fruits Music,SexyBack,420.134,152000,False,0.82,0.85,5,-5.0,1,0.06,0.05,0.2,0.1,0.65,128.0,4,dance
2701023042,Dance,Mika Heggemann,Dance,215.104,158000,False,0.82,0.85,5,-5.0,1,0.06,0.05,0.2,0.1,0.65,128.0,4,dance
1750036377,Dance,Sophon,Dance,215.435,226000,False,0.82,0.85,5,-5.0,1,0.06,0.05,0.2,0.1,0.65,128.0,4,dance
1993906337,Dance (To The Beat),Superlover,Dance (To The Beat),283.656,195000,False,0.82,0.85,5,-5.0,1,0.06,0.05,0.2,0.1,0.65,128.0,4,dance
2543654701,Dance With Me,Kevin de Vries,Dance With Me EP,475.076,391000,False,0.82,0.85,5,-5.0,1,0.06,0.05,0.2,0.1,0.65,128.0,4,dance
18648111,Dance : Dance,Megara,Dance,217.909,232000,False,0.82,0.85,5,-5.0,1,0.06,0.05,0.2,0.1,0.65,128.0,4,dance
650514152,Dance,Freischwimmer,Dance,179.874,195000,False,0.82,0.85,5,-5.0,1,0.06,0.05,0.2,0.1,0.65,128.0,4,dance
64471364,Dance With Me,112,Part III,583.084,231000,False,0.82,0.85,5,-5.0,1,0.06,0.05,0.2,0.1,0.65,128.0,4,dance
1413556512,Better Off Alone,Dance Fruits Music,Better Off Alone,470.851,155000,False,0.82,0.85,5,-5.0,1,0.06,0.05,0.2,0.1,0.65,128.0,4,dance
623468892,D.A.N.C.E (Live Version),Justice,A Cross The Universe,274.834,164000,False,0.82,0.85,5,-5.0,1,0.06,0.05,0.2,0.1,0.65,128.0,4,dance
1372670872,Seven Nation Army (feat. KOYSINA),Dance Fruits Music,Seven Nation Army (feat. KOYSINA),615.857,133000,False,0.82,0.85,5,-5.0,1,0.06,0.05,0.2,0.1,0.65,128.0,4,dance
1015209742,Licky Licky (Amine Edge & DANCE's Codeine Juke Edit),Amine Edge,Licky Licky,232.439,465000,False,0.82,0.85,5,-5.0,1,0.06,0.05,0.2,0.1,0.65,128.0,4,dance
3853077391,Dance With You,Ridom,Dance With You,474.481,123000,False,0.82,0.85,5,-5.0,1,0.06,0.05,0.2,0.1,0.65,128.0,4,dance
995165592,Enola Gay,Dance Fever,Dance 80's (80's Years),333.495,209000,False,0.82,0.85,5,-5.0,1,0.06,0.05,0.2,0.1,0.65,128.0,4,dance
3783406792,And I Told Them I Invented Times New Roman,Dance Gavin Dance,Downtown Battle Mountain,315.201,288000,False,0.82,0.85,5,-5.0,1,0.06,0.05,0.2,0.1,0.65,128.0,4,dance
2338839165,dance! (sped up vers),deyluvkirby,dance! (sped up vers),223.225,119000,True,0.82,0.85,5,-5.0,1,0.06,0.05,0.2,0.1,0.65,128.0,4,dance
3805772832,Midnight at McGuffy's,Dance Gavin Dance,Pantheon,309.267,250000,False,0.82,0.85,5,-5.0,1,0.06,0.05,0.2,0.1,0.65,128.0,4,dance
2813024,"I'm so Afraid (Live at Warner Brothers Studios in Burbank, CA 5/23/97)",Fleetwood Mac,The Dance,386.947,465000,False,0.82,0.85,5,-5.0,1,0.06,0.05,0.2,0.1,0.65,128.0,4,dance
3614365,Dance with Me,Orleans,Dance With Me: The Best Of Orleans,526.592,180000,False,0.82,0.85,5,-5.0,1,0.06,0.05,0.2,0.1,0.65,128.0,4,dance
3805772822,Animal Surgery,Dance Gavin Dance,Pantheon,291.839,310000,False,0.82,0.85,5,-5.0,1,0.06,0.05,0.2,0.1,0.65,128.0,4,dance
3769672072,Dance With Somebody,Conor Maynard,Dance With Somebody,482.914,195000,False,0.82,0.85,5,-5.0,1,0.06,0.05,0.2,0.1,0.65,128.0,4,dance
3750637862,Betrayed By The Game,Dance Gavin Dance,Mothership,335.964,190000,True,0.82,0.85,5,-5.0,1,0.06,0.05,0.2,0.1,0.65,128.0,4,dance
134960026,D.A.N.C.E,Get Cape. Wear Cape. Fly,Collapsing Cities,243.072,222000,False,0.82,0.85,5,-5.0,1,0.06,0.05,0.2,0.1,0.65,128.0,4,dance
3750827302,Care,Dance Gavin Dance,Artificial Selection,294.293,265000,False,0.82,0.85,5,-5.0,1,0.06,0.05,0.2,0.1,0.65,128.0,4,dance
2813982,Dance,Elephant Man,Energy God - The Very Best Of Elephant Man,186.36,211000,False,0.82,0.85,5,-5.0,1,0.06,0.05,0.2,0.1,0.65,128.0,4,dance
1936925727,Dance with the Devil,Immortal Technique,"Revolutionary, Vol. 1 (Bonus Edition)",605.498,579000,True,0.82,0.85,5,-5.0,1,0.06,0.05,0.2,0.1,0.65,128.0,4,dance
3088147841,Dance,Dither,The G.A.B.B.E.R. EP VOL 1.,206.292,200000,False,0.82,0.85,5,-5.0,1,0.06,0.05,0.2,0.1,0.65,128.0,4,dance
3775910182,Dance,Chiara Meloni,Dance,186.318,167000,False,0.82,0.85,5,-5.0,1,0.06,0.05,0.2,0.1,0.65,128.0,4,dance
3806124572,Dance,Motörhead,Ace of Spades,303.049,155000,False,0.82,0.85,5,-5.0,1,0.06,0.05,0.2,0.1,0.65,128.0,4,dance
3191325891,"Dance, Kid, Dance",Shinedown,"Three Six Five / Dance, Kid, Dance",376.401,212000,False,0.82,0.85,5,-5.0,1,0.06,0.05,0.2,0.1,0.65,128.0,4,dance
3960117941,Dance In The USA,Show Me The Body,Dance In The USA,510.604,179000,True,0.82,0.85,5,-5.0,1,0.06,0.05,0.2,0.1,0.65,128.0,4,dance
3794437582,Dance with You,Shay XX,Dance With You,461.324,151000,False,0.82,0.85,5,-5.0,1,0.06,0.05,0.2,0.1,0.65,128.0,4,dance
585588582,Dance of Death (2015 Remaster),Iron Maiden,Dance of Death (2015 Remaster),535.886,516000,False,0.82,0.85,5,-5.0,1,0.06,0.05,0.2,0.1,0.65,128.0,4,dance
1562849872,Dance Tonight,Timmy Trumpet,Dance Tonight,408.403,177000,False,0.82,0.85,5,-5.0,1,0.06,0.05,0.2,0.1,0.65,128.0,4,dance
137150306,Next To You,Amine Edge,Porn Bass EP,123.542,434000,False,0.82,0.85,5,-5.0,1,0.06,0.05,0.2,0.1,0.65,128.0,4,dance
3928705911,Nerdy,DANCE,A Dance; a Tragedy,63.804,164000,False,0.82,0.85,5,-5.0,1,0.06,0.05,0.2,0.1,0.65,128.0,4,dance
3430454691,Dance In The Game,Zaq,Dance In The Game,478.396,206000,False,0.82,0.85,5,-5.0,1,0.06,0.05,0.2,0.1,0.65,128.0,4,dance
3645451952,Dance Tonight,White Keys,Dance Tonight,387.455,186000,False,0.82,0.85,5,-5.0,1,0.06,0.05,0.2,0.1,0.65,128.0,4,dance
136763888,The Dance,Struggle Jennings,The Dance,193.456,236000,True,0.82,0.85,5,-5.0,1,0.06,0.05,0.2,0.1,0.65,128.0,4,dance
1811243097,Dance Alone,Ape Rave Club,Dance Alone,363.91,177000,False,0.82,0.85,5,-5.0,1,0.06,0.05,0.2,0.1,0.65,128.0,4,dance
2789225,Dance (Radio Mix),X-fade,Dance,220.672,213000,False,0.82,0.85,5,-5.0,1,0.06,0.05,0.2,0.1,0.65,128.0,4,dance
2986382801,Dance,Megara vs DJ Lee,Dance,241.94,179000,False,0.82,0.85,5,-5.0,1,0.06,0.05,0.2,0.1,0.65,128.0,4,dance
3493782501,Dance,FarshidS,PARALLEL WORLD,197.511,283000,False,0.82,0.85,5,-5.0,1,0.06,0.05,0.2,0.1,0.65,128.0,4,dance
2933595181,dance with me,lucidbeatz,dance with me,436.211,126000,False,0.82,0.85,5,-5.0,1,0.06,0.05,0.2,0.1,0.65,128.0,4,dance
662091402,Dance Dance,Cage The Elephant,Social Cues,360.192,190000,False,0.82,0.85,5,-5.0,1,0.06,0.05,0.2,0.1,0.65,128.0,4,dance
851178162,Dance Monkey (Tabata),Tabata Songs,Dance Monkey (Tabata),439.766,242000,False,0.82,0.85,5,-5.0,1,0.06,0.05,0.2,0.1,0.65,128.0,4,dance
1585662672,Dance With Me,Adopt Me!,Dance With Me,370.489,182000,False,0.82,0.85,5,-5.0,1,0.06,0.05,0.2,0.1,0.65,128.0,4,dance
995165602,Paris Latino,Dance Fever,Dance 80's (80's Years),323.066,238000,False,0.82,0.85,5,-5.0,1,0.06,0.05,0.2,0.1,0.65,128.0,4,dance
120950490,Dance (Radio Edit),Max Manie,Dance (Radio Edit),231.026,218000,False,0.82,0.85,5,-5.0,1,0.06,0.05,0.2,0.1,0.65,128.0,4,dance
